took_pre_CC,took_post_CC,CC_ConsensusTemp_pre,CC_Important_pre,CC_HarmPeople_pre,CC_ScientistsWhether_pre,CC_Beliefs_pre,CC_Worried_pre,CC_BeliefsFillIn_pre,CC_ChangeMind_pre,CC_Validation_pre,CC_HarmYou_pre,CC_ScientistsWhy_pre,CC_Happening_pre,CC_ConsensusCause_pre,CC_Thought_pre,CC_Friends_pre,CC_View_pre,CC_HarmPeople_post,CC_Thought_post,CC_Beliefs_post,CC_Worried_post,CC_ConsensusCause_post,CC_View_post,CC_ScientistsWhether_post,CC_BeliefsFillIn_post,CC_ChangeMind_post,CC_ConsensusTemp_post,CC_Validation_post,CC_Important_post,CC_Friends_post,CC_ChangedMe_post,CC_HarmYou_post,CC_Happening_post,CC_ScientistsWhy_post
0,1,,,,,,,,,,,,,,,,,Years26to50,Some,Humans,Somewhat,Both,Unclear,SomewhatAgree,,Neither,StronglyAgree,SomewhatAgree,Very,Most,SomewhatAgree,Moderate,YesExtrSure,SomewhatAgree
1,1,SomewhatAgree,Neither,Years10,SomewhatDisagree,Humans,Somewhat,,StronglyAgree,SomewhatAgree,Little,SomewhatDisagree,YesVerySure,Both,Little,Some,Unclear,Now,Little,Humans,Somewhat,Humans,Unwilling,StronglyAgree,,Neither,StronglyAgree,SomewhatAgree,Neither,Most,SomewhatAgree,Little,YesExtrSure,StronglyAgree
0,1,,,,,,,,,,,,,,,,,Now,ALot,Humans,Very,Humans,Unclear,StronglyAgree,,StronglyDisagree,StronglyAgree,StronglyAgree,Very,Few,SomewhatAgree,Moderate,YesExtrSure,StronglyAgree
1,1,SomewhatAgree,Neither,After100,SomewhatAgree,Both,Somewhat,,SomewhatDisagree,SomewhatAgree,Little,SomewhatAgree,YesVerySure,Both,Some,Most,Unclear,Years26to50,ALot,Humans,Very,Humans,Unclear,StronglyAgree,,Neither,StronglyAgree,SomewhatAgree,Very,Most,SomewhatAgree,Little,YesExtrSure,SomewhatAgree
1,1,StronglyAgree,Very,Years51to100,SomewhatAgree,Humans,Very,,SomewhatDisagree,SomewhatAgree,Moderate,SomewhatAgree,YesVerySure,Humans,ALot,Most,Unclear,Years11to25,ALot,Humans,Very,Humans,Unclear,StronglyAgree,,SomewhatDisagree,StronglyAgree,SomewhatAgree,Extremely,Most,SomewhatAgree,GreatDeal,YesExtrSure,SomewhatAgree
1,1,StronglyAgree,Neither,After100,StronglyAgree,Humans,Somewhat,,StronglyAgree,SomewhatAgree,Little,StronglyAgree,YesVerySure,Humans,Some,Few,Unwilling,Now,Little,Humans,Very,Humans,Unwilling,StronglyAgree,,Neither,StronglyAgree,SomewhatAgree,Very,Few,StronglyAgree,Moderate,YesVerySure,StronglyAgree
1,1,StronglyAgree,Very,Years26to50,StronglyAgree,Humans,Somewhat,,SomewhatDisagree,SomewhatAgree,Moderate,SomewhatAgree,YesVerySure,Humans,Some,Most,Unclear,Now,Little,Humans,Very,Humans,Unclear,StronglyAgree,,StronglyDisagree,StronglyAgree,SomewhatAgree,Very,Most,StronglyAgree,GreatDeal,YesExtrSure,StronglyAgree
1,1,SomewhatAgree,Very,Now,SomewhatAgree,Humans,Very,,SomewhatDisagree,SomewhatAgree,Moderate,SomewhatAgree,YesVerySure,Humans,ALot,Most,Unwilling,Years10,Some,Humans,Very,Humans,Unwilling,SomewhatAgree,,SomewhatDisagree,StronglyAgree,SomewhatAgree,Very,Most,SomewhatAgree,Moderate,YesVerySure,StronglyAgree
1,0,StronglyAgree,Neither,Years10,SomewhatDisagree,Both,Neither,,Neither,SomewhatAgree,DK,SomewhatDisagree,YesSomeSure,Both,Some,Most,Unclear,,,,,,,,,,,,,,,,,
1,0,SomewhatAgree,Very,Years26to50,StronglyAgree,Both,Somewhat,,StronglyDisagree,SomewhatAgree,Moderate,SomewhatAgree,YesVerySure,Both,Some,Most,Unclear,,,,,,,,,,,,,,,,,
1,1,SomewhatAgree,Very,Years51to100,StronglyAgree,Both,Very,,StronglyDisagree,SomewhatAgree,GreatDeal,Neither,YesExtrSure,DK,Some,Most,Unwilling,Now,Little,Humans,Very,Humans,Unclear,StronglyAgree,,StronglyDisagree,StronglyAgree,SomewhatAgree,Very,Most,StronglyAgree,GreatDeal,YesExtrSure,StronglyAgree
1,0,StronglyAgree,Very,Years11to25,StronglyAgree,Both,Somewhat,,StronglyDisagree,SomewhatAgree,GreatDeal,StronglyAgree,YesExtrSure,Both,Some,All,Unwilling,,,,,,,,,,,,,,,,,
1,1,DK,Very,Years11to25,DK,Humans,Somewhat,,SomewhatDisagree,DK,Moderate,DK,YesSomeSure,Humans,Some,Few,Unwilling,Years11to25,Some,Humans,Somewhat,Humans,Unwilling,SomewhatAgree,,SomewhatDisagree,Neither,SomewhatAgree,Very,Some,StronglyAgree,GreatDeal,YesVerySure,StronglyAgree
1,0,StronglyAgree,Neither,Years51to100,StronglyAgree,Both,Somewhat,,Neither,SomewhatAgree,Little,StronglyAgree,YesExtrSure,Humans,Some,Some,Unclear,,,,,,,,,,,,,,,,,
0,1,,,,,,,,,,,,,,,,,After100,Some,Humans,Somewhat,Humans,Unclear,Neither,,Neither,Neither,Neither,Very,Some,SomewhatAgree,Little,YesSomeSure,Neither
1,0,,,,,,,,,,,,,,,,,,,,,,,,,,,,,,,,,
1,1,SomewhatAgree,Neither,Years51to100,SomewhatAgree,Humans,Somewhat,,Neither,SomewhatAgree,Little,SomewhatAgree,YesSomeSure,Both,Little,Some,Unwilling,Years10,Little,Humans,Somewhat,Humans,Unclear,StronglyAgree,,Neither,SomewhatAgree,SomewhatAgree,Neither,Few,SomewhatAgree,Moderate,YesVerySure,StronglyAgree
1,1,StronglyAgree,Very,Now,SomewhatAgree,Humans,Very,,SomewhatDisagree,SomewhatAgree,GreatDeal,SomewhatDisagree,YesExtrSure,DK,Some,Some,Unwilling,Years26to50,Little,Humans,Very,Humans,Unclear,StronglyAgree,,Neither,StronglyAgree,SomewhatAgree,Very,Most,StronglyAgree,GreatDeal,YesExtrSure,StronglyAgree
1,0,SomewhatAgree,Neither,Now,StronglyAgree,Both,Somewhat,,SomewhatAgree,SomewhatAgree,Little,SomewhatAgree,YesExtrSure,Humans,Little,Most,Success,,,,,,,,,,,,,,,,,
1,1,,Very,Now,StronglyAgree,Humans,Very,,SomewhatDisagree,StronglyAgree,GreatDeal,,YesExtrSure,Humans,ALot,Most,Unwilling,Now,ALot,Humans,Very,Humans,Unwilling,StronglyAgree,,StronglyDisagree,StronglyAgree,StronglyAgree,Extremely,Most,Neither,GreatDeal,YesExtrSure,StronglyAgree
0,1,,,,,,,,,,,,,,,,,Years26to50,Some,Humans,Somewhat,Humans,Unclear,StronglyAgree,,SomewhatDisagree,StronglyAgree,SomewhatAgree,Very,Some,StronglyAgree,Little,YesExtrSure,StronglyAgree
1,0,SomewhatAgree,Very,Now,StronglyAgree,Both,Very,,SomewhatDisagree,SomewhatAgree,Moderate,SomewhatAgree,YesExtrSure,Both,Some,All,Unwilling,,,,,,,,,,,,,,,,,
1,0,Neither,Very,Now,SomewhatAgree,Humans,Very,,StronglyDisagree,SomewhatAgree,Moderate,SomewhatAgree,YesExtrSure,Humans,ALot,Some,Unclear,,,,,,,,,,,,,,,,,
1,0,StronglyAgree,Extremely,Now,StronglyAgree,Humans,Very,,StronglyDisagree,SomewhatAgree,GreatDeal,StronglyAgree,YesExtrSure,Humans,ALot,Most,Unclear,,,,,,,,,,,,,,,,,
1,0,StronglyAgree,Neither,Now,StronglyAgree,Both,Somewhat,,SomewhatAgree,SomewhatAgree,Moderate,StronglyAgree,YesExtrSure,Both,Little,All,Success,,,,,,,,,,,,,,,,,
0,1,,,,,,,,,,,,,,,,,Years26to50,Some,Humans,Very,Humans,Unwilling,StronglyAgree,,StronglyDisagree,StronglyAgree,SomewhatAgree,Very,Most,StronglyDisagree,Moderate,YesExtrSure,StronglyAgree
1,0,Neither,Neither,Years51to100,Neither,ExtentUnknown,Somewhat,,Neither,Neither,Little,Neither,YesSomeSure,Other,Some,DK,Unclear,,,,,,,,,,,,,,,,,
1,1,StronglyAgree,MostlyNot,Now,StronglyAgree,Humans,Somewhat,,StronglyAgree,SomewhatAgree,Little,SomewhatAgree,YesVerySure,Humans,Some,DK,Unwilling,Now,Little,Humans,Somewhat,Humans,Unclear,StronglyAgree,,SomewhatDisagree,StronglyAgree,SomewhatAgree,Very,Most,SomewhatAgree,Moderate,YesExtrSure,StronglyAgree
1,0,StronglyAgree,MostlyNot,Years10,Neither,Other,Somewhat,Climate change is a naturally occurring phenomenon (such as the Ice Age) but humans are causing it to happen at a much faster pace.,StronglyDisagree,SomewhatAgree,Little,SomewhatDisagree,NoVerySure,Humans,Little,Few,Unwilling,,,,,,,,,,,,,,,,,
1,1,StronglyAgree,Neither,Years10,StronglyAgree,Humans,Somewhat,,SomewhatAgree,SomewhatAgree,Moderate,SomewhatAgree,YesExtrSure,Humans,Some,All,Unclear,Years10,Some,Humans,Somewhat,Humans,Unclear,StronglyAgree,,StronglyDisagree,StronglyAgree,SomewhatAgree,Very,Most,StronglyAgree,DK,YesExtrSure,StronglyAgree
1,0,SomewhatAgree,Very,Now,Neither,Humans,Somewhat,,SomewhatDisagree,SomewhatAgree,GreatDeal,Neither,YesSomeSure,Both,Some,Some,Unclear,,,,,,,,,,,,,,,,,
1,1,StronglyAgree,Very,Years51to100,DK,Other,Very,I don't know enough about climate change to state whether it is caused mostly by human activities or by natural changes in the environment,Neither,SomewhatAgree,Moderate,DK,DK,Both,ALot,DK,Unclear,Years26to50,Some,Humans,Somewhat,Humans,Unclear,StronglyAgree,,Neither,StronglyAgree,SomewhatAgree,Very,All,SomewhatAgree,Somewhat,YesSomeSure,StronglyAgree
1,0,StronglyAgree,Neither,Now,StronglyAgree,Humans,Neither,,SomewhatDisagree,SomewhatAgree,GreatDeal,StronglyAgree,YesExtrSure,Humans,Some,Most,Unwilling,,,,,,,,,,,,,,,,,
1,0,StronglyAgree,Extremely,Years10,StronglyAgree,Humans,Very,,StronglyDisagree,SomewhatAgree,GreatDeal,SomewhatAgree,YesExtrSure,Humans,ALot,All,Unclear,,,,,,,,,,,,,,,,,
0,1,,,,,,,,,,,,,,,,,Years26to50,Some,Humans,Somewhat,Humans,Unclear,StronglyAgree,,SomewhatDisagree,StronglyAgree,SomewhatAgree,Neither,Most,Neither,Little,YesVerySure,StronglyAgree
1,1,SomewhatAgree,MostlyNot,Years51to100,SomewhatAgree,Both,Neither,,Neither,SomewhatAgree,Little,SomewhatDisagree,YesVerySure,DK,Little,DK,Unclear,Years26to50,Little,Other,Somewhat,Humans,Unwilling,StronglyAgree,"Climate change is a natural process, however, it is being highly and negatively impacted by human interaction.",SomewhatDisagree,StronglyAgree,SomewhatAgree,Neither,Some,SomewhatAgree,Little,YesSomeSure,SomewhatAgree
1,1,,,,,,,,,,,,,,,,,,,,,,,,,,,,,,,,,
0,1,,,,,,,,,,,,,,,,,Now,ALot,Humans,Somewhat,Humans,Unclear,StronglyAgree,,SomewhatDisagree,SomewhatAgree,SomewhatAgree,Very,Most,Neither,DK,YesExtrSure,SomewhatAgree
1,0,,,,,,,,,,,,YesVerySure,,,,,,,,,,,,,,,,,,,,,
1,1,SomewhatAgree,Very,Years26to50,StronglyAgree,Humans,Very,,StronglyDisagree,SomewhatAgree,Little,SomewhatAgree,YesExtrSure,DK,Some,DK,Unclear,Years51to100,Little,Humans,Very,Humans,Unclear,StronglyAgree,,StronglyDisagree,StronglyAgree,SomewhatAgree,Very,Most,SomewhatAgree,Moderate,YesExtrSure,StronglyAgree
1,1,StronglyAgree,Extremely,Years11to25,StronglyAgree,Humans,Very,,StronglyDisagree,SomewhatAgree,GreatDeal,StronglyAgree,YesExtrSure,Humans,ALot,,Success,Now,ALot,Humans,Very,Humans,Unclear,StronglyAgree,,StronglyDisagree,StronglyAgree,SomewhatAgree,Extremely,Most,Neither,GreatDeal,YesExtrSure,StronglyAgree
1,1,StronglyAgree,Neither,After100,StronglyAgree,Humans,Somewhat,,Neither,SomewhatAgree,Little,StronglyAgree,YesExtrSure,Humans,NotAtAll,Some,Unwilling,Now,Little,Humans,Very,Humans,Unwilling,StronglyAgree,,StronglyDisagree,StronglyAgree,SomewhatAgree,Very,Most,SomewhatAgree,Moderate,YesExtrSure,StronglyAgree
1,1,SomewhatAgree,Very,Years11to25,SomewhatAgree,Both,Somewhat,,SomewhatDisagree,SomewhatAgree,Moderate,Neither,YesVerySure,Both,Some,Most,Unclear,Now,Some,Both,Somewhat,Both,Unclear,SomewhatAgree,,Neither,SomewhatAgree,SomewhatAgree,Very,Most,SomewhatAgree,Moderate,YesVerySure,SomewhatAgree
1,1,StronglyAgree,Neither,Years11to25,StronglyAgree,Humans,Somewhat,,SomewhatAgree,SomewhatAgree,Little,SomewhatAgree,YesVerySure,Humans,Little,Most,Unclear,Years11to25,ALot,Humans,Somewhat,Humans,Unclear,StronglyAgree,,SomewhatDisagree,StronglyAgree,SomewhatAgree,Neither,Most,SomewhatAgree,DK,YesExtrSure,StronglyAgree
1,1,SomewhatAgree,Neither,After100,DK,Both,Neither,,StronglyAgree,SomewhatAgree,Somewhat,DK,YesNotSure,Humans,Little,DK,Unclear,Years26to50,Little,Humans,Somewhat,Humans,Unclear,StronglyAgree,,SomewhatDisagree,StronglyAgree,SomewhatAgree,Very,DK,StronglyAgree,Moderate,YesExtrSure,StronglyAgree
1,0,StronglyAgree,Very,Years11to25,StronglyAgree,Humans,Very,,SomewhatDisagree,SomewhatAgree,GreatDeal,StronglyAgree,YesExtrSure,Humans,ALot,Most,Unwilling,,,,,,,,,,,,,,,,,
1,1,StronglyAgree,Extremely,Now,StronglyAgree,Humans,Very,,StronglyDisagree,SomewhatAgree,GreatDeal,StronglyAgree,YesExtrSure,Both,ALot,Most,Unwilling,Now,ALot,Humans,Very,Humans,Unwilling,StronglyAgree,,StronglyDisagree,StronglyAgree,SomewhatAgree,Extremely,Most,SomewhatAgree,GreatDeal,YesExtrSure,StronglyAgree
1,1,StronglyAgree,Very,Years26to50,StronglyAgree,Humans,Very,,StronglyDisagree,SomewhatAgree,Somewhat,SomewhatAgree,YesVerySure,Humans,ALot,DK,Unclear,Now,Little,Humans,Somewhat,Humans,Unclear,StronglyAgree,,StronglyDisagree,StronglyAgree,SomewhatAgree,Extremely,DK,SomewhatAgree,Little,YesExtrSure,StronglyAgree
0,1,,,,,,,,,,,,,,,,,,,,,,,,,,,,,,,,,
1,1,StronglyAgree,Very,Years26to50,StronglyAgree,Both,Somewhat,,StronglyDisagree,SomewhatAgree,Moderate,StronglyAgree,YesExtrSure,Both,Some,All,Unwilling,Now,Some,Humans,Very,Humans,Unwilling,StronglyAgree,,SomewhatDisagree,StronglyAgree,SomewhatAgree,Very,Most,SomewhatAgree,GreatDeal,YesExtrSure,StronglyAgree
1,1,StronglyAgree,Very,Years26to50,StronglyAgree,Humans,Very,,StronglyDisagree,SomewhatAgree,Moderate,StronglyAgree,YesExtrSure,Humans,Some,Few,Unwilling,,,,,,,,,,,,,,,,DK,
1,1,StronglyAgree,Neither,Now,SomewhatAgree,Humans,Neither,,SomewhatAgree,StronglyDisagree,Little,Neither,YesSomeSure,DK,Little,DK,Unclear,Now,Little,Humans,Somewhat,Humans,Unwilling,SomewhatAgree,,SomewhatAgree,SomewhatAgree,SomewhatAgree,Very,DK,SomewhatAgree,Moderate,YesVerySure,Neither
1,1,SomewhatAgree,Neither,Years26to50,SomewhatAgree,Both,Neither,,Neither,SomewhatAgree,Moderate,SomewhatDisagree,YesNotSure,Both,NotAtAll,DK,Unclear,Now,NotAtAll,Humans,Somewhat,Humans,Unclear,StronglyAgree,,Neither,StronglyAgree,SomewhatAgree,Neither,Few,StronglyAgree,Moderate,YesVerySure,StronglyAgree
1,0,StronglyAgree,Extremely,Now,StronglyAgree,Humans,Very,,SomewhatDisagree,SomewhatAgree,GreatDeal,StronglyAgree,YesExtrSure,Humans,ALot,Most,Unwilling,,,,,,,,,,,,,,,,,
1,1,StronglyAgree,Very,After100,Neither,Humans,Somewhat,,SomewhatDisagree,SomewhatAgree,GreatDeal,SomewhatAgree,YesNotSure,Humans,Little,Some,Unwilling,Now,Little,Humans,Somewhat,Humans,Unwilling,StronglyAgree,,Neither,StronglyAgree,SomewhatAgree,Very,Few,StronglyAgree,Moderate,YesExtrSure,StronglyAgree
1,1,SomewhatAgree,Neither,After100,SomewhatAgree,Both,Somewhat,,SomewhatDisagree,Neither,Moderate,SomewhatDisagree,YesVerySure,Both,Little,Some,Unwilling,Years26to50,Some,Humans,Somewhat,Humans,Unwilling,StronglyAgree,,SomewhatDisagree,StronglyAgree,SomewhatAgree,Very,,SomewhatAgree,Little,YesExtrSure,SomewhatAgree
1,1,SomewhatAgree,MostlyNot,Years51to100,SomewhatAgree,Humans,NotVery,,SomewhatAgree,SomewhatAgree,Little,SomewhatAgree,YesSomeSure,Humans,Little,DK,Unwilling,Years51to100,NotAtAll,Humans,,Humans,Unclear,StronglyAgree,,Neither,StronglyAgree,SomewhatAgree,MostlyNot,DK,SomewhatAgree,Little,YesVerySure,StronglyAgree
1,1,StronglyAgree,Extremely,Years11to25,StronglyAgree,Humans,Very,,SomewhatDisagree,SomewhatAgree,Moderate,StronglyAgree,YesExtrSure,Humans,ALot,All,Unwilling,Years11to25,ALot,Humans,Very,Humans,Unclear,StronglyAgree,,StronglyDisagree,StronglyAgree,SomewhatAgree,Extremely,,StronglyDisagree,Moderate,YesExtrSure,StronglyAgree
1,1,StronglyAgree,Very,Now,StronglyAgree,Humans,Very,,StronglyAgree,SomewhatAgree,GreatDeal,StronglyAgree,YesExtrSure,Humans,Some,None,Unclear,Now,Some,Humans,Somewhat,Humans,Unclear,StronglyAgree,,StronglyDisagree,StronglyAgree,SomewhatAgree,Very,None,Neither,GreatDeal,YesExtrSure,StronglyAgree
1,1,SomewhatDisagree,Very,Years11to25,SomewhatAgree,Humans,Very,,SomewhatDisagree,SomewhatAgree,Moderate,SomewhatAgree,YesVerySure,Humans,ALot,Most,Unwilling,Now,Little,Humans,Very,Humans,Unwilling,StronglyAgree,,SomewhatDisagree,StronglyAgree,SomewhatAgree,Very,DK,SomewhatAgree,Moderate,YesExtrSure,SomewhatAgree
1,0,Neither,Neither,Years10,Neither,Both,Neither,,Neither,Neither,Little,Neither,YesExtrSure,Other,Some,Some,Unclear,,,,,,,,,,,,,,,,,
1,1,StronglyAgree,Very,Now,StronglyAgree,Humans,Neither,,StronglyDisagree,SomewhatAgree,GreatDeal,StronglyAgree,YesVerySure,DK,Some,Most,Unwilling,Now,Some,Humans,Very,Humans,NotHappening,SomewhatAgree,,StronglyDisagree,SomewhatAgree,SomewhatAgree,Very,Few,SomewhatAgree,GreatDeal,YesExtrSure,SomewhatAgree
1,0,SomewhatAgree,MostlyNot,Years26to50,StronglyAgree,Humans,Somewhat,,SomewhatDisagree,SomewhatAgree,Moderate,SomewhatAgree,YesVerySure,Humans,Some,Most,Unclear,,,,,,,,,,,,,,,,,
1,1,SomewhatAgree,Very,Now,StronglyAgree,Humans,Very,,StronglyDisagree,SomewhatAgree,Moderate,StronglyAgree,YesExtrSure,Humans,ALot,Most,Unwilling,Now,ALot,Humans,Very,Humans,Unwilling,StronglyAgree,,StronglyDisagree,StronglyAgree,SomewhatAgree,Extremely,Most,SomewhatAgree,GreatDeal,YesExtrSure,StronglyAgree
1,1,StronglyAgree,Very,Now,StronglyAgree,Humans,Very,,Neither,SomewhatAgree,GreatDeal,SomewhatAgree,YesExtrSure,DK,Little,Most,Unclear,Now,Some,Humans,Very,Humans,Unclear,StronglyAgree,,Neither,StronglyAgree,SomewhatAgree,Extremely,Most,StronglyAgree,GreatDeal,YesExtrSure,StronglyAgree
1,1,,,,,,,,,,,,,,,,,Years10,Some,Humans,Somewhat,Humans,Unclear,SomewhatAgree,,Neither,SomewhatAgree,SomewhatAgree,Very,Most,SomewhatAgree,Moderate,YesSomeSure,SomewhatAgree
1,1,StronglyAgree,Neither,Years51to100,StronglyAgree,Both,Somewhat,,SomewhatDisagree,SomewhatAgree,DK,SomewhatAgree,YesVerySure,DK,Some,Most,Unclear,Years10,Little,Humans,Somewhat,Humans,Unclear,SomewhatAgree,,Neither,StronglyAgree,SomewhatAgree,Very,All,StronglyAgree,GreatDeal,YesVerySure,StronglyAgree
1,0,StronglyAgree,Extremely,Now,StronglyAgree,Humans,Very,,StronglyDisagree,SomewhatAgree,Little,StronglyAgree,YesExtrSure,Humans,ALot,Most,Unclear,,,,,,,,,,,,,,,,,
1,0,StronglyAgree,Extremely,Now,StronglyAgree,Humans,Very,,StronglyDisagree,SomewhatAgree,GreatDeal,StronglyAgree,YesExtrSure,Humans,ALot,All,Unclear,,,,,,,,,,,,,,,,,
1,1,SomewhatDisagree,Very,Years11to25,SomewhatAgree,Humans,Somewhat,,SomewhatDisagree,SomewhatAgree,DK,SomewhatDisagree,YesSomeSure,NoConsensus,Some,Most,Unwilling,,,,,,,,,,,,,,,,,
1,1,StronglyAgree,Extremely,Years10,StronglyAgree,Humans,Very,,StronglyDisagree,SomewhatAgree,Moderate,SomewhatAgree,YesVerySure,Humans,ALot,Most,Unwilling,Now,ALot,Humans,Very,Humans,Unwilling,StronglyAgree,,StronglyDisagree,StronglyAgree,SomewhatAgree,Extremely,Most,StronglyDisagree,GreatDeal,YesVerySure,SomewhatAgree
1,1,Neither,MostlyNot,After100,SomewhatAgree,Both,Neither,,SomewhatAgree,SomewhatAgree,DK,SomewhatAgree,YesNotSure,DK,Little,Most,Unclear,After100,Little,Humans,Neither,Humans,Unwilling,StronglyAgree,,SomewhatDisagree,StronglyAgree,SomewhatAgree,MostlyNot,Most,StronglyAgree,Little,YesVerySure,StronglyAgree
1,0,StronglyAgree,Extremely,Now,StronglyAgree,Humans,Very,,StronglyDisagree,SomewhatAgree,Moderate,StronglyAgree,YesExtrSure,Humans,ALot,Most,Unclear,,,,,,,,,,,,,,,,,
1,1,SomewhatAgree,Neither,Years26to50,SomewhatAgree,Both,Somewhat,,SomewhatAgree,SomewhatAgree,Moderate,StronglyAgree,YesVerySure,Both,Some,Some,Unclear,Now,Some,Humans,Somewhat,DK,Unwilling,StronglyAgree,,SomewhatDisagree,StronglyAgree,SomewhatAgree,Very,Most,SomewhatAgree,GreatDeal,YesExtrSure,StronglyAgree
1,0,,Very,Years51to100,,Humans,Somewhat,,SomewhatDisagree,,Little,,YesExtrSure,,,,,,,,,,,,,,,,,,,,,
0,1,,,,,,,,,,,,,,,,,Years11to25,Little,Humans,Somewhat,Humans,Unclear,StronglyAgree,,SomewhatDisagree,StronglyAgree,SomewhatAgree,Very,Most,SomewhatAgree,Moderate,YesExtrSure,StronglyAgree
1,1,SomewhatAgree,Very,After100,SomewhatAgree,Other,Somewhat,"I believe it needs to be addressed and treated with scientific backings to encourage open thought, yet scientifically proved. We need to encourage each other to share our beliefs and see how we can find common ground on scientific data",SomewhatAgree,SomewhatAgree,DK,SomewhatAgree,NoVerySure,Humans,ALot,Some,Unclear,Years26to50,Some,Humans,Somewhat,Humans,Unclear,StronglyAgree,,SomewhatAgree,StronglyAgree,StronglyAgree,Very,Few,SomewhatAgree,Moderate,YesSomeSure,StronglyAgree
1,0,DK,MostlyNot,Now,SomewhatAgree,Both,Somewhat,,Neither,SomewhatAgree,GreatDeal,SomewhatAgree,YesSomeSure,DK,NotAtAll,DK,Unwilling,,,,,,,,,,,,,,,,,
1,1,,,,,,,,,,,,,,,,,Now,Some,Humans,Very,Humans,Unclear,DK,,StronglyDisagree,StronglyAgree,SomewhatAgree,Very,DK,Neither,DK,YesExtrSure,StronglyAgree
1,0,,NotAtAll,NotHappening,,NotHappening,NotVery,,SomewhatAgree,,Little,,NoNotSure,,,,,,,,,,,,,,,,,,,,,
1,0,StronglyAgree,Extremely,Now,StronglyAgree,Humans,Very,,StronglyDisagree,SomewhatDisagree,GreatDeal,StronglyAgree,YesExtrSure,Humans,ALot,Few,Unwilling,,,,,,,,,,,,,,,,,
1,0,StronglyAgree,Very,Years26to50,StronglyAgree,Both,Very,,StronglyDisagree,SomewhatAgree,GreatDeal,StronglyAgree,YesExtrSure,Humans,Little,Most,Unwilling,,,,,,,,,,,,,,,,,
0,1,,,,,,,,,,,,,,,,,Now,Some,Humans,Very,Humans,Unclear,StronglyAgree,,StronglyDisagree,StronglyAgree,SomewhatAgree,Extremely,Most,StronglyAgree,GreatDeal,YesExtrSure,SomewhatAgree
1,1,StronglyAgree,Very,Now,SomewhatAgree,Humans,Very,,StronglyDisagree,SomewhatAgree,GreatDeal,SomewhatAgree,YesExtrSure,Humans,Some,Most,Unclear,Now,Little,Humans,Very,Both,Unclear,SomewhatAgree,,StronglyDisagree,StronglyAgree,SomewhatAgree,Very,All,StronglyAgree,GreatDeal,YesExtrSure,StronglyAgree
1,0,StronglyDisagree,Very,Years11to25,SomewhatDisagree,Both,Somewhat,,Neither,SomewhatAgree,Moderate,SomewhatDisagree,YesNotSure,DK,Little,DK,Unclear,,,,,,,,,,,,,,,,,
1,0,StronglyAgree,Very,Years11to25,StronglyAgree,Both,Very,,SomewhatDisagree,SomewhatDisagree,Moderate,SomewhatAgree,YesExtrSure,Both,Some,Most,Unwilling,,,,,,,,,,,,,,,,,
1,1,StronglyAgree,Neither,Years51to100,SomewhatAgree,Humans,Somewhat,,SomewhatAgree,SomewhatAgree,Somewhat,SomewhatAgree,YesSomeSure,Humans,Little,Some,Unclear,Now,Little,Humans,Somewhat,Humans,Unwilling,StronglyAgree,,SomewhatAgree,StronglyAgree,SomewhatAgree,Very,,StronglyAgree,Somewhat,YesExtrSure,StronglyAgree
1,0,StronglyAgree,Extremely,Now,StronglyAgree,Humans,Very,,StronglyDisagree,SomewhatAgree,GreatDeal,StronglyAgree,YesExtrSure,Humans,ALot,All,Unclear,,,,,,,,,,,,,,,,,
0,1,,,,,,,,,,,,,,,,,Years26to50,Little,Humans,Neither,Humans,Success,StronglyAgree,,StronglyDisagree,StronglyAgree,SomewhatDisagree,Very,All,StronglyDisagree,Moderate,YesExtrSure,StronglyAgree
0,1,,,,,,,,,,,,,,,,,Now,Some,Humans,Somewhat,DK,Unclear,StronglyAgree,,Neither,StronglyAgree,SomewhatAgree,Very,Most,SomewhatAgree,GreatDeal,YesExtrSure,StronglyAgree
1,0,SomewhatAgree,Very,Now,SomewhatAgree,Humans,Very,,SomewhatDisagree,SomewhatAgree,GreatDeal,SomewhatAgree,YesExtrSure,Humans,Some,DK,Unwilling,,,,,,,,,,,,,,,,,
1,1,StronglyAgree,Extremely,Now,SomewhatAgree,Humans,Very,,Neither,SomewhatAgree,DK,StronglyAgree,YesSomeSure,DK,Some,All,Unclear,Now,Little,Humans,Very,Humans,Unclear,StronglyDisagree,,SomewhatDisagree,StronglyDisagree,StronglyDisagree,Extremely,All,StronglyAgree,DK,YesExtrSure,StronglyDisagree
1,0,SomewhatAgree,Neither,Years10,StronglyAgree,Both,Somewhat,,SomewhatAgree,SomewhatAgree,Moderate,DK,YesSomeSure,DK,Some,Some,Unwilling,,,,,,,,,,,,,,,,,
1,1,StronglyAgree,Very,Years26to50,StronglyAgree,Humans,Somewhat,,StronglyDisagree,SomewhatAgree,Moderate,SomewhatAgree,YesVerySure,Humans,Some,,Unclear,,,,,,,,,,,,,,,,,
1,0,StronglyAgree,Neither,Now,StronglyAgree,Humans,Somewhat,,SomewhatDisagree,StronglyAgree,Moderate,SomewhatAgree,YesVerySure,Humans,Some,Most,Unclear,,,,,,,,,,,,,,,,,
1,0,,,,,,,,,,,,DK,,,,,,,,,,,,,,,,,,,,,
1,1,StronglyAgree,Extremely,Now,StronglyAgree,Humans,Very,,SomewhatDisagree,SomewhatAgree,GreatDeal,StronglyAgree,YesExtrSure,Humans,ALot,Most,Unclear,Now,ALot,Humans,Very,Humans,Unclear,StronglyAgree,,StronglyDisagree,StronglyAgree,SomewhatAgree,Extremely,All,SomewhatAgree,GreatDeal,YesExtrSure,StronglyAgree
1,1,StronglyAgree,Extremely,Years26to50,SomewhatAgree,Humans,Very,,StronglyDisagree,SomewhatAgree,Moderate,StronglyAgree,YesExtrSure,Humans,ALot,Most,Unclear,,,,,,,,,,,,,,,,,
1,1,StronglyAgree,Very,Now,SomewhatAgree,Both,Very,,Neither,SomewhatAgree,Moderate,SomewhatAgree,YesVerySure,Humans,ALot,Most,Unclear,Now,Some,Humans,Very,Humans,Unclear,StronglyAgree,,SomewhatAgree,StronglyAgree,SomewhatAgree,Very,Some,StronglyAgree,GreatDeal,YesExtrSure,StronglyAgree
1,1,StronglyAgree,Extremely,Years10,StronglyAgree,Humans,Very,,StronglyDisagree,SomewhatDisagree,Moderate,StronglyAgree,YesExtrSure,Humans,ALot,Most,Unclear,Now,ALot,Humans,Very,Humans,Unclear,StronglyAgree,,StronglyDisagree,StronglyAgree,SomewhatAgree,Extremely,,Neither,GreatDeal,YesExtrSure,StronglyAgree
1,1,SomewhatAgree,Very,Now,StronglyAgree,Both,Very,,SomewhatAgree,SomewhatAgree,GreatDeal,SomewhatAgree,YesVerySure,Humans,Little,Some,Unclear,Now,Some,Humans,Very,Humans,DontNeed,StronglyAgree,,SomewhatDisagree,StronglyAgree,SomewhatAgree,Very,Most,Neither,GreatDeal,YesExtrSure,StronglyAgree
0,1,,,,,,,,,,,,,,,,,Now,Some,Both,NotVery,Natural,Unclear,SomewhatDisagree,didn't take the class,SomewhatDisagree,SomewhatDisagree,SomewhatDisagree,Very,Some,SomewhatAgree,Moderate,YesExtrSure,SomewhatDisagree
1,1,StronglyAgree,Extremely,Now,SomewhatDisagree,Other,Very,,StronglyDisagree,SomewhatAgree,GreatDeal,Neither,YesExtrSure,Humans,ALot,DK,Unwilling,Now,ALot,Humans,Very,Humans,Unwilling,SomewhatDisagree,,StronglyDisagree,StronglyAgree,SomewhatAgree,Extremely,DK,Neither,GreatDeal,YesExtrSure,Neither
1,1,StronglyAgree,Very,Years26to50,StronglyAgree,Both,Very,,SomewhatDisagree,SomewhatAgree,Moderate,SomewhatAgree,YesExtrSure,Humans,Some,Most,Unclear,Years11to25,Some,Humans,Very,Humans,Unclear,StronglyAgree,,StronglyDisagree,StronglyAgree,SomewhatAgree,Very,Most,Neither,Moderate,YesExtrSure,SomewhatAgree
1,0,StronglyAgree,Neither,Years26to50,StronglyAgree,Both,Somewhat,,Neither,SomewhatAgree,Moderate,SomewhatAgree,YesSomeSure,DK,Some,Most,Unwilling,,,,,,,,,,,,,,,,,
1,0,,,,,,,,,,,,YesVerySure,,,,,,,,,,,,,,,,,,,,,
0,1,,,,,,,,,,,,,,,,,Now,ALot,Humans,Very,Humans,Unclear,StronglyAgree,,StronglyDisagree,StronglyAgree,SomewhatAgree,Extremely,All,StronglyAgree,GreatDeal,YesExtrSure,StronglyAgree
0,1,,,,,,,,,,,,,,,,,Now,ALot,Other,Very,Humans,Unclear,StronglyAgree,,StronglyDisagree,StronglyAgree,SomewhatAgree,Extremely,Few,Neither,Moderate,YesExtrSure,StronglyAgree
1,0,StronglyAgree,Extremely,Years51to100,StronglyAgree,Both,Very,,StronglyDisagree,SomewhatAgree,Little,SomewhatAgree,YesExtrSure,Both,ALot,Most,Success,,,,,,,,,,,,,,,,,
1,0,StronglyAgree,Extremely,Now,StronglyAgree,Other,Very,Climate change is fueled by greed of humans and environmental factors that may aid to the issue are all natural processes that already happened under cyclic conditions. ,Neither,SomewhatAgree,DK,StronglyAgree,YesExtrSure,Humans,ALot,Most,Unclear,,,,,,,,,,,,,,,,,
1,1,Neither,Neither,Now,StronglyAgree,Both,Somewhat,,SomewhatDisagree,SomewhatAgree,Moderate,SomewhatAgree,YesExtrSure,Humans,ALot,Most,Unwilling,Now,Some,Humans,Somewhat,Humans,Unwilling,SomewhatAgree,,SomewhatAgree,SomewhatAgree,SomewhatAgree,Very,Most,SomewhatAgree,Moderate,YesVerySure,Neither
1,1,,Very,Now,,Humans,Very,,Neither,,GreatDeal,,YesExtrSure,,,,,Now,ALot,Humans,Somewhat,Humans,Unwilling,StronglyAgree,,StronglyDisagree,StronglyAgree,SomewhatAgree,Very,All,Neither,GreatDeal,YesExtrSure,StronglyAgree
1,1,StronglyAgree,Neither,Years26to50,StronglyAgree,Both,Somewhat,,SomewhatDisagree,SomewhatAgree,DK,StronglyAgree,YesExtrSure,DK,Some,Most,Unclear,Years51to100,Little,ExtentUnknown,Very,DK,Unclear,StronglyAgree,,SomewhatDisagree,StronglyAgree,SomewhatAgree,Very,Most,StronglyAgree,Somewhat,YesExtrSure,StronglyAgree
1,1,SomewhatAgree,MostlyNot,Years51to100,DK,Other,Neither,A balance between human and natural causes,SomewhatDisagree,SomewhatDisagree,GreatDeal,DK,YesSomeSure,DK,Little,DK,CantReduce,Years26to50,NotAtAll,Humans,Very,Humans,Unclear,StronglyAgree,,Neither,StronglyAgree,SomewhatAgree,Very,Some,StronglyAgree,GreatDeal,YesExtrSure,StronglyAgree
0,1,,,,,,,,,,,,,,,,,Years10,ALot,Both,Very,Humans,Unclear,StronglyAgree,,StronglyDisagree,StronglyAgree,SomewhatAgree,Very,Some,Neither,Moderate,YesExtrSure,StronglyAgree
1,1,StronglyAgree,Very,Years51to100,StronglyAgree,Humans,Somewhat,,SomewhatDisagree,StronglyAgree,Moderate,StronglyAgree,YesExtrSure,Humans,Some,Most,Unwilling,Years26to50,Some,Humans,Somewhat,Humans,Unwilling,SomewhatAgree,,Neither,SomewhatAgree,SomewhatAgree,MostlyNot,Most,SomewhatAgree,GreatDeal,YesExtrSure,SomewhatAgree
1,1,StronglyAgree,Very,Now,StronglyAgree,Humans,Very,,StronglyDisagree,SomewhatAgree,GreatDeal,SomewhatAgree,YesExtrSure,Humans,ALot,Most,Unwilling,Now,ALot,Humans,Very,Natural,Unclear,SomewhatAgree,,SomewhatAgree,SomewhatAgree,SomewhatAgree,Very,Most,SomewhatAgree,Moderate,YesExtrSure,SomewhatAgree
1,0,StronglyAgree,Neither,Now,SomewhatAgree,Humans,Neither,,SomewhatAgree,SomewhatAgree,DK,SomewhatAgree,YesVerySure,DK,Some,Few,Unwilling,,,,,,,,,,,,,,,,,
1,1,DK,NotAtAll,Never,DK,Natural,NotAtAll,,Neither,SomewhatAgree,DK,DK,NoNotSure,DK,NotAtAll,Most,NotHappening,After100,NotAtAll,Humans,Somewhat,DK,Unwilling,StronglyAgree,,SomewhatDisagree,StronglyAgree,StronglyAgree,Neither,Most,StronglyAgree,Moderate,YesExtrSure,StronglyAgree
1,1,StronglyAgree,Extremely,Now,StronglyAgree,Humans,Very,,StronglyDisagree,SomewhatAgree,Moderate,StronglyAgree,YesExtrSure,Humans,Some,All,Unclear,Now,Little,Humans,Very,Humans,Unclear,StronglyAgree,,StronglyDisagree,StronglyAgree,SomewhatAgree,Extremely,All,SomewhatAgree,GreatDeal,YesExtrSure,StronglyAgree
1,0,StronglyAgree,Neither,Years26to50,SomewhatAgree,Humans,Somewhat,,SomewhatDisagree,SomewhatAgree,Little,SomewhatAgree,YesVerySure,Both,Some,Most,Unclear,,,,,,,,,,,,,,,,,
1,0,SomewhatAgree,Neither,Years10,SomewhatAgree,Both,Somewhat,,SomewhatAgree,SomewhatAgree,Moderate,Neither,YesExtrSure,Both,Some,Most,Unclear,,,,,,,,,,,,,,,,,
1,1,SomewhatAgree,MostlyNot,Never,StronglyDisagree,Natural,NotVery,,Neither,StronglyAgree,Somewhat,DK,NoNotSure,NoConsensus,Little,Few,DontNeed,Years26to50,Little,Natural,Somewhat,Humans,DontNeed,StronglyDisagree,,Neither,SomewhatAgree,SomewhatAgree,Neither,Most,Neither,Little,YesNotSure,DK
1,0,StronglyAgree,Extremely,Years26to50,StronglyAgree,Both,Very,,StronglyDisagree,SomewhatAgree,Moderate,SomewhatAgree,YesExtrSure,Humans,ALot,Most,Unclear,,,,,,,,,,,,,,,,,
1,1,SomewhatAgree,Very,Years51to100,StronglyAgree,Humans,Very,,SomewhatAgree,SomewhatAgree,Moderate,SomewhatDisagree,YesExtrSure,Humans,Little,Some,Unwilling,Now,Some,Humans,Very,Humans,Unclear,StronglyAgree,,StronglyDisagree,StronglyAgree,SomewhatAgree,Extremely,Most,StronglyAgree,GreatDeal,YesExtrSure,StronglyAgree
0,1,,,,,,,,,,,,,,,,,,,,,,,,,,,,,,,,,
1,0,,,,,,,,,,,,,,,,,,,,,,,,,,,,,,,,,
1,0,DK,Very,Years11to25,StronglyAgree,Humans,Somewhat,,SomewhatDisagree,SomewhatAgree,Moderate,SomewhatAgree,YesVerySure,DK,Little,Most,Unclear,,,,,,,,,,,,,,,,,
1,0,SomewhatDisagree,Very,Years11to25,StronglyAgree,Humans,Very,,SomewhatAgree,,Little,,YesVerySure,Humans,Some,Some,Success,,,,,,,,,,,,,,,,,
0,1,,,,,,,,,,,,,,,,,Never,Little,Humans,Neither,Both,Success,SomewhatAgree,,Neither,StronglyAgree,SomewhatAgree,Neither,Some,Neither,Little,DK,Neither
1,1,StronglyAgree,Very,Years11to25,StronglyAgree,Humans,Very,,SomewhatDisagree,SomewhatAgree,GreatDeal,StronglyAgree,YesExtrSure,Humans,ALot,Most,Unclear,Now,Some,Humans,Very,Humans,Unclear,StronglyAgree,,StronglyDisagree,StronglyAgree,SomewhatAgree,Very,Most,SomewhatAgree,GreatDeal,YesExtrSure,StronglyAgree
1,0,StronglyAgree,Very,Now,StronglyAgree,Humans,Very,,StronglyDisagree,StronglyAgree,GreatDeal,StronglyAgree,YesExtrSure,Humans,ALot,All,Unwilling,,,,,,,,,,,,,,,,,
1,0,StronglyAgree,MostlyNot,After100,StronglyAgree,Both,Neither,,Neither,SomewhatAgree,Somewhat,StronglyAgree,YesExtrSure,Both,Little,Few,Unclear,,,,,,,,,,,,,,,,,
0,1,,,,,,,,,,,,,,,,,Years10,Little,Humans,Very,Both,Unclear,StronglyAgree,,Neither,SomewhatAgree,SomewhatAgree,Very,DK,SomewhatAgree,DK,YesVerySure,SomewhatAgree
1,0,StronglyAgree,Neither,Years26to50,StronglyAgree,Humans,Somewhat,,SomewhatDisagree,SomewhatDisagree,Little,SomewhatAgree,YesExtrSure,Humans,Some,DK,Unwilling,,,,,,,,,,,,,,,,,
1,1,StronglyAgree,Very,Years11to25,StronglyAgree,Humans,Very,,StronglyDisagree,SomewhatAgree,GreatDeal,StronglyAgree,YesExtrSure,Humans,Some,DK,Unwilling,Now,Some,Humans,Very,Humans,Unwilling,StronglyAgree,,StronglyDisagree,StronglyAgree,SomewhatAgree,Extremely,All,SomewhatAgree,GreatDeal,YesExtrSure,StronglyAgree
1,0,SomewhatAgree,Neither,Now,SomewhatAgree,Humans,Somewhat,,SomewhatAgree,SomewhatAgree,GreatDeal,Neither,YesNotSure,DK,Little,,Unwilling,,,,,,,,,,,,,,,,,
1,0,SomewhatAgree,Very,After100,StronglyAgree,Both,Somewhat,,SomewhatDisagree,SomewhatDisagree,DK,SomewhatAgree,YesVerySure,Humans,Some,DK,Unwilling,,,,,,,,,,,,,,,,,
1,1,StronglyAgree,Very,Now,StronglyAgree,Humans,Very,,SomewhatDisagree,SomewhatAgree,GreatDeal,SomewhatAgree,YesExtrSure,Humans,Some,All,Unclear,Now,Some,Humans,Very,Humans,Unclear,StronglyAgree,,StronglyDisagree,StronglyAgree,SomewhatAgree,Very,All,SomewhatAgree,GreatDeal,YesExtrSure,StronglyAgree
1,1,StronglyAgree,Very,Now,StronglyAgree,Humans,Very,,SomewhatDisagree,SomewhatAgree,GreatDeal,StronglyAgree,YesExtrSure,Humans,Some,All,Unclear,,,,,,,,,,,,,,,,,
1,1,StronglyAgree,MostlyNot,Years26to50,SomewhatDisagree,Both,Somewhat,,Neither,SomewhatAgree,GreatDeal,SomewhatAgree,YesVerySure,Both,Little,Some,Unclear,Now,Little,Humans,Somewhat,Humans,Unwilling,StronglyAgree,,SomewhatDisagree,StronglyAgree,SomewhatAgree,Neither,Most,SomewhatAgree,Moderate,YesExtrSure,StronglyAgree
1,1,SomewhatDisagree,NotAtAll,NotHappening,SomewhatDisagree,NotHappening,NotAtAll,,SomewhatDisagree,SomewhatAgree,NotHappening,SomewhatDisagree,NoSomeSure,NotHappening,NotAtAll,Most,NotHappening,NotHappening,Little,NotHappening,NotAtAll,DK,NotHappening,SomewhatDisagree,,Neither,SomewhatAgree,SomewhatAgree,NotAtAll,Some,SomewhatDisagree,NotHappening,NoSomeSure,SomewhatDisagree
0,1,,,,,,,,,,,,,,,,,Years11to25,Some,Humans,Very,Humans,Unclear,StronglyAgree,,StronglyDisagree,StronglyAgree,SomewhatAgree,Very,Most,SomewhatDisagree,Moderate,YesExtrSure,StronglyAgree
1,1,SomewhatAgree,Neither,Now,StronglyAgree,Both,Somewhat,,SomewhatAgree,SomewhatAgree,Moderate,SomewhatAgree,YesVerySure,DK,Some,Most,Unclear,Now,Little,Humans,Very,Humans,Unclear,StronglyAgree,,StronglyDisagree,StronglyAgree,SomewhatAgree,Very,Most,StronglyAgree,GreatDeal,YesExtrSure,StronglyAgree
1,0,StronglyAgree,Very,Now,StronglyAgree,Humans,Very,,SomewhatDisagree,SomewhatAgree,Moderate,StronglyAgree,YesExtrSure,Humans,ALot,Most,Unwilling,,,,,,,,,,,,,,,,,
1,1,SomewhatAgree,Very,Years26to50,StronglyAgree,Humans,Somewhat,,SomewhatDisagree,SomewhatAgree,Moderate,SomewhatAgree,YesExtrSure,Humans,Some,Most,Unclear,Now,Some,Humans,Very,Humans,Unclear,StronglyAgree,,SomewhatDisagree,StronglyAgree,SomewhatAgree,Very,Most,SomewhatAgree,Moderate,YesExtrSure,StronglyAgree
1,1,StronglyAgree,Very,Years11to25,StronglyAgree,Humans,Very,,StronglyDisagree,SomewhatAgree,GreatDeal,StronglyAgree,YesExtrSure,Both,Some,Most,Unclear,Now,Little,Humans,Very,Humans,Unclear,StronglyAgree,,StronglyDisagree,StronglyAgree,SomewhatAgree,Extremely,Most,StronglyAgree,GreatDeal,YesExtrSure,StronglyAgree
1,1,StronglyAgree,Neither,Years51to100,StronglyAgree,Both,Somewhat,,SomewhatDisagree,SomewhatAgree,Somewhat,SomewhatAgree,YesSomeSure,DK,Some,Most,Unwilling,,,,,,,,,,,,,,,,,
1,1,SomewhatDisagree,Neither,Years10,SomewhatAgree,Humans,Somewhat,,SomewhatAgree,SomewhatAgree,Moderate,SomewhatAgree,YesSomeSure,Humans,Little,Most,Unclear,Years10,Little,Humans,Somewhat,Humans,Unclear,StronglyAgree,,Neither,StronglyAgree,SomewhatAgree,Very,DK,StronglyAgree,GreatDeal,,StronglyAgree
1,1,StronglyAgree,Very,Now,StronglyAgree,Both,Very,,StronglyDisagree,SomewhatDisagree,GreatDeal,StronglyAgree,YesExtrSure,Both,Some,Most,Unclear,Now,Some,Humans,Very,Humans,Unwilling,StronglyAgree,,StronglyDisagree,StronglyAgree,SomewhatAgree,Very,Most,SomewhatAgree,GreatDeal,YesExtrSure,StronglyAgree
1,1,StronglyAgree,Neither,Years11to25,StronglyAgree,Humans,Somewhat,,SomewhatAgree,SomewhatAgree,Little,SomewhatAgree,YesVerySure,Humans,Little,,Unwilling,Years10,Little,Humans,Very,Humans,Unclear,StronglyAgree,,SomewhatDisagree,StronglyAgree,SomewhatAgree,Very,,StronglyAgree,Moderate,YesExtrSure,StronglyAgree
1,1,SomewhatAgree,Very,Years51to100,SomewhatAgree,Humans,Very,,SomewhatDisagree,SomewhatAgree,GreatDeal,SomewhatAgree,YesExtrSure,Humans,ALot,All,Unwilling,Years11to25,ALot,Humans,Somewhat,Humans,Unclear,StronglyAgree,,StronglyDisagree,StronglyAgree,SomewhatAgree,Very,Some,Neither,GreatDeal,YesExtrSure,StronglyAgree
1,0,SomewhatAgree,Very,Now,StronglyAgree,Both,Somewhat,,StronglyDisagree,SomewhatAgree,Moderate,SomewhatAgree,YesExtrSure,DK,Some,Most,Unclear,,,,,,,,,,,,,,,,,
1,0,StronglyAgree,Neither,Years51to100,SomewhatAgree,Humans,Somewhat,,Neither,SomewhatAgree,Somewhat,SomewhatDisagree,YesNotSure,DK,Little,DK,Unclear,,,,,,,,,,,,,,,,,
1,1,StronglyDisagree,Neither,Years11to25,DK,Humans,Somewhat,,SomewhatDisagree,StronglyAgree,GreatDeal,DK,YesExtrSure,Humans,Some,Some,Unwilling,Years26to50,Some,Humans,Very,Humans,Unwilling,StronglyAgree,,StronglyDisagree,StronglyAgree,SomewhatAgree,Very,Most,StronglyAgree,GreatDeal,YesExtrSure,StronglyAgree
1,0,StronglyAgree,Extremely,Now,StronglyAgree,Humans,Very,,StronglyDisagree,SomewhatAgree,GreatDeal,StronglyAgree,YesExtrSure,Humans,ALot,Most,Unclear,,,,,,,,,,,,,,,,,
0,1,,,,,,,,,,,,,,,,,Now,ALot,Humans,Somewhat,Humans,Unclear,StronglyAgree,,StronglyDisagree,StronglyAgree,SomewhatAgree,Very,Most,StronglyDisagree,GreatDeal,YesExtrSure,StronglyAgree
1,0,SomewhatAgree,Extremely,Now,StronglyAgree,Humans,Very,,Neither,SomewhatAgree,GreatDeal,SomewhatAgree,YesExtrSure,Humans,ALot,Most,Unwilling,,,,,,,,,,,,,,,,,
0,1,,,,,,,,,,,,,,,,,,,,,,,,,,,,,,,,YesExtrSure,
1,0,Neither,Neither,After100,Neither,ExtentUnknown,Somewhat,,Neither,SomewhatAgree,Little,SomewhatDisagree,YesSomeSure,Both,Some,Some,Unwilling,,,,,,,,,,,,,,,,,
1,0,StronglyAgree,Very,Years10,StronglyAgree,Both,Very,,StronglyDisagree,SomewhatAgree,Moderate,SomewhatAgree,YesExtrSure,Humans,Little,Some,Unwilling,,,,,,,,,,,,,,,,,
1,1,StronglyAgree,Very,Years10,StronglyAgree,Humans,Somewhat,,SomewhatAgree,SomewhatAgree,GreatDeal,StronglyAgree,YesVerySure,Humans,Little,DK,Unwilling,,,,,,,,,,,,,,,,,
1,1,StronglyAgree,Very,Now,StronglyAgree,Humans,Very,,SomewhatDisagree,SomewhatAgree,Moderate,StronglyAgree,YesExtrSure,Humans,ALot,Most,Unclear,Now,ALot,Humans,Very,Humans,Unclear,StronglyAgree,,StronglyDisagree,StronglyAgree,SomewhatAgree,Very,Most,SomewhatAgree,GreatDeal,YesExtrSure,StronglyAgree
1,0,StronglyAgree,Very,Years26to50,StronglyAgree,Humans,Very,,StronglyDisagree,SomewhatAgree,Moderate,StronglyAgree,YesExtrSure,Humans,ALot,Most,Unwilling,,,,,,,,,,,,,,,,,
1,0,StronglyAgree,Extremely,Now,SomewhatAgree,Humans,Very,,StronglyDisagree,SomewhatAgree,GreatDeal,SomewhatAgree,YesExtrSure,Humans,ALot,Most,Unwilling,,,,,,,,,,,,,,,,,
0,1,,,,,,,,,,,,,,,,,Years11to25,Little,Both,Very,Humans,Unwilling,StronglyAgree,,StronglyDisagree,StronglyAgree,SomewhatAgree,Neither,,StronglyAgree,Moderate,YesExtrSure,StronglyAgree
1,1,,NotAtAll,Years51to100,,Humans,Somewhat,,SomewhatAgree,,Moderate,,YesExtrSure,,,,,Years26to50,Little,Humans,Neither,Both,Unwilling,StronglyAgree,,SomewhatAgree,StronglyAgree,SomewhatAgree,NotAtAll,Most,Neither,Little,YesExtrSure,StronglyAgree
0,1,,,,,,,,,,,,,,,,,Years51to100,Little,Both,Neither,Humans,Unclear,SomewhatAgree,,StronglyAgree,SomewhatAgree,SomewhatAgree,MostlyNot,Most,SomewhatAgree,Little,YesVerySure,SomewhatDisagree
1,1,StronglyAgree,Very,Years10,StronglyAgree,Other,Very,"""Climate change"" is natural to an extent, however human activity is accelerating that change at a pace that is unprecedented and unsustainable.",SomewhatDisagree,SomewhatAgree,GreatDeal,SomewhatAgree,YesExtrSure,DK,ALot,Most,Unwilling,Now,ALot,Humans,Very,Humans,Success,StronglyAgree,,StronglyDisagree,StronglyAgree,SomewhatAgree,Extremely,All,StronglyAgree,GreatDeal,YesExtrSure,StronglyAgree
1,1,StronglyAgree,Very,Years51to100,StronglyAgree,Humans,Somewhat,,SomewhatDisagree,SomewhatAgree,DK,StronglyAgree,YesVerySure,Humans,Some,Most,Unclear,Years11to25,Some,Humans,Somewhat,Humans,Unclear,SomewhatAgree,,SomewhatDisagree,StronglyAgree,SomewhatAgree,Very,Most,SomewhatAgree,Moderate,YesVerySure,SomewhatAgree
1,1,StronglyAgree,Neither,Now,StronglyAgree,Both,Somewhat,,SomewhatDisagree,SomewhatAgree,Moderate,SomewhatAgree,YesVerySure,Humans,Little,Most,Unclear,Now,Little,Humans,Somewhat,Humans,Unclear,StronglyAgree,,StronglyDisagree,StronglyAgree,SomewhatAgree,Neither,All,SomewhatAgree,Moderate,YesVerySure,StronglyAgree
1,1,StronglyAgree,Extremely,Now,StronglyAgree,Humans,Very,,StronglyDisagree,SomewhatAgree,Moderate,StronglyAgree,YesExtrSure,Both,ALot,All,Unclear,Now,ALot,Humans,Very,Humans,Unclear,StronglyAgree,,StronglyDisagree,StronglyAgree,SomewhatDisagree,Extremely,,StronglyAgree,GreatDeal,YesExtrSure,StronglyAgree
1,1,SomewhatAgree,Very,Now,Neither,Humans,Very,,StronglyDisagree,Neither,Moderate,Neither,YesExtrSure,Humans,ALot,Most,Unclear,Now,ALot,Humans,Somewhat,Humans,Unwilling,StronglyAgree,,SomewhatDisagree,StronglyAgree,SomewhatAgree,Very,All,SomewhatDisagree,Moderate,YesExtrSure,StronglyAgree
1,1,SomewhatDisagree,Very,Years26to50,SomewhatAgree,Humans,Somewhat,,SomewhatAgree,SomewhatAgree,Moderate,SomewhatAgree,YesExtrSure,Humans,Some,Some,Success,Now,Some,Humans,Very,Humans,Success,StronglyAgree,,StronglyDisagree,StronglyAgree,SomewhatAgree,Extremely,Most,SomewhatAgree,GreatDeal,YesExtrSure,StronglyAgree
1,0,StronglyAgree,Neither,Now,StronglyAgree,Natural,Somewhat,,StronglyDisagree,SomewhatAgree,Little,SomewhatAgree,YesVerySure,Natural,ALot,Most,DontNeed,,,,,,,,,,,,,,,,,
1,0,StronglyAgree,Very,Years11to25,StronglyAgree,Humans,Somewhat,,SomewhatDisagree,SomewhatAgree,Moderate,StronglyAgree,YesExtrSure,Humans,Some,All,Unwilling,,,,,,,,,,,,,,,,,
1,1,StronglyAgree,Extremely,Now,StronglyAgree,Humans,Very,,Neither,SomewhatAgree,GreatDeal,StronglyAgree,YesExtrSure,Humans,ALot,Most,Unclear,Now,ALot,Humans,Very,Humans,Unclear,StronglyAgree,,StronglyAgree,StronglyAgree,SomewhatAgree,Extremely,Most,Neither,GreatDeal,YesExtrSure,StronglyAgree
1,0,SomewhatAgree,Extremely,Years26to50,StronglyAgree,Humans,Very,,StronglyDisagree,SomewhatAgree,Moderate,SomewhatAgree,YesExtrSure,Humans,ALot,All,Unclear,,,,,,,,,,,,,,,,,
1,1,StronglyAgree,Extremely,Years26to50,StronglyAgree,Humans,Very,,StronglyDisagree,SomewhatAgree,Moderate,SomewhatAgree,YesExtrSure,Humans,ALot,,Unclear,Now,ALot,Humans,Very,Humans,Unclear,StronglyAgree,,SomewhatDisagree,StronglyDisagree,SomewhatAgree,Very,Most,SomewhatDisagree,Moderate,YesExtrSure,SomewhatAgree
0,1,,,,,,,,,,,,,,,,,Years10,Little,Humans,Neither,Humans,CantReduce,SomewhatAgree,,Neither,StronglyAgree,SomewhatAgree,MostlyNot,Some,SomewhatAgree,Moderate,YesSomeSure,StronglyAgree
1,1,SomewhatAgree,Neither,Now,SomewhatAgree,Humans,Neither,,Neither,SomewhatAgree,Moderate,SomewhatDisagree,YesSomeSure,Humans,NotAtAll,Most,Unclear,Now,Little,Humans,Somewhat,Humans,Unwilling,StronglyAgree,,StronglyDisagree,StronglyAgree,SomewhatAgree,Very,Most,Neither,Moderate,YesExtrSure,SomewhatAgree
0,1,,,,,,,,,,,,,,,,,Years10,ALot,Humans,Very,Humans,Unclear,StronglyAgree,,StronglyDisagree,StronglyAgree,SomewhatDisagree,Very,,StronglyDisagree,Moderate,YesExtrSure,StronglyAgree
1,0,StronglyAgree,Neither,Years11to25,StronglyAgree,Humans,Somewhat,,SomewhatDisagree,SomewhatAgree,Moderate,SomewhatAgree,YesVerySure,Both,ALot,Some,Unclear,,,,,,,,,,,,,,,,,
1,1,Neither,MostlyNot,Now,Neither,Both,Somewhat,,Neither,Neither,GreatDeal,Neither,YesNotSure,DK,NotAtAll,DK,Unwilling,Now,Little,Humans,Very,Both,Unclear,StronglyAgree,,StronglyAgree,StronglyAgree,StronglyAgree,Very,Few,SomewhatAgree,GreatDeal,YesExtrSure,StronglyAgree
0,1,,,,,,,,,,,,,,,,,Now,ALot,Humans,Very,Humans,Unclear,StronglyAgree,,StronglyDisagree,StronglyAgree,SomewhatAgree,Extremely,Most,StronglyAgree,Moderate,YesExtrSure,StronglyAgree
1,0,StronglyAgree,Very,Years10,SomewhatAgree,Humans,Very,,SomewhatDisagree,SomewhatAgree,Moderate,Neither,YesExtrSure,Humans,Some,Most,Unclear,,,,,,,,,,,,,,,,,
1,1,StronglyAgree,Very,Years10,StronglyAgree,Humans,Somewhat,,StronglyDisagree,SomewhatAgree,Moderate,StronglyAgree,YesVerySure,Humans,Some,All,Unclear,Now,Some,Humans,Very,Humans,Unclear,StronglyAgree,,StronglyDisagree,StronglyAgree,SomewhatAgree,Very,Most,SomewhatAgree,GreatDeal,YesExtrSure,StronglyAgree
1,1,StronglyAgree,Very,Years11to25,SomewhatAgree,Humans,Somewhat,,Neither,SomewhatAgree,Moderate,SomewhatAgree,YesVerySure,Humans,Some,Most,Unclear,Now,Some,Humans,Very,Humans,Unclear,SomewhatAgree,,Neither,StronglyAgree,SomewhatAgree,Very,Most,SomewhatAgree,GreatDeal,YesExtrSure,SomewhatAgree
1,1,SomewhatAgree,MostlyNot,After100,SomewhatAgree,Other,NotVery,"I think it's happening, but we also have more knowledge about historical records that we didn't have before ",Neither,SomewhatAgree,Somewhat,Neither,YesNotSure,Natural,Little,Some,Unwilling,Years51to100,NotAtAll,Humans,Somewhat,Humans,Unwilling,StronglyAgree,,SomewhatAgree,SomewhatAgree,SomewhatAgree,Neither,Some,StronglyAgree,Little,,StronglyAgree
1,0,Neither,Neither,Now,StronglyDisagree,Both,Neither,,Neither,SomewhatDisagree,Little,SomewhatAgree,YesSomeSure,Both,Little,DK,Unwilling,,,,,,,,,,,,,,,,,
1,1,Neither,Neither,Years11to25,StronglyAgree,Humans,Somewhat,,Neither,SomewhatAgree,Moderate,SomewhatAgree,YesVerySure,Humans,Some,Most,Success,Years51to100,Little,Humans,Very,Humans,Success,StronglyAgree,,SomewhatDisagree,StronglyAgree,SomewhatAgree,Very,Most,Neither,Little,YesExtrSure,StronglyAgree
1,1,SomewhatAgree,MostlyNot,Years11to25,SomewhatAgree,Humans,Somewhat,,SomewhatAgree,SomewhatAgree,DK,SomewhatAgree,YesVerySure,DK,Little,Some,Unclear,Years51to100,Some,Humans,Somewhat,Humans,Unwilling,StronglyAgree,,Neither,StronglyAgree,SomewhatAgree,MostlyNot,DK,SomewhatAgree,Moderate,YesVerySure,StronglyAgree
1,1,Neither,Neither,NotHappening,SomewhatDisagree,Humans,NotVery,,Neither,Neither,NotHappening,SomewhatAgree,NoVerySure,Natural,Some,Few,CantReduce,Now,Some,Humans,NotVery,NotHappening,CantReduce,Neither,,SomewhatAgree,Neither,SomewhatAgree,MostlyNot,Few,SomewhatDisagree,Little,YesVerySure,SomewhatDisagree
0,1,,,,,,,,,,,,,,,,,Now,Little,Humans,Very,Humans,Unclear,StronglyAgree,,StronglyDisagree,StronglyAgree,SomewhatAgree,Very,Most,SomewhatAgree,Little,YesExtrSure,StronglyAgree
1,0,StronglyAgree,Very,Years51to100,StronglyAgree,Both,Very,,StronglyDisagree,SomewhatAgree,Moderate,SomewhatAgree,YesExtrSure,Both,Some,Some,Unclear,,,,,,,,,,,,,,,,,
1,1,StronglyAgree,Very,Now,StronglyAgree,Humans,Very,,StronglyDisagree,SomewhatAgree,GreatDeal,StronglyAgree,YesExtrSure,Humans,ALot,Most,Unclear,Now,ALot,Humans,Very,Humans,Unclear,StronglyAgree,,StronglyDisagree,StronglyAgree,SomewhatAgree,Very,Most,SomewhatAgree,GreatDeal,YesExtrSure,StronglyAgree
1,0,StronglyAgree,Neither,Years26to50,StronglyAgree,Humans,Somewhat,,Neither,SomewhatAgree,Little,StronglyAgree,YesExtrSure,Humans,Little,None,Unwilling,,,,,,,,,,,,,,,,,
0,1,,,,,,,,,,,,,,,,,Now,Little,Humans,Somewhat,Humans,Unwilling,SomewhatAgree,,Neither,SomewhatAgree,SomewhatAgree,Neither,DK,SomewhatAgree,Little,YesSomeSure,SomewhatAgree
1,1,,Very,Now,,Humans,Very,,SomewhatDisagree,,Moderate,,YesExtrSure,Humans,Some,Most,Unclear,Now,Some,Humans,Very,Humans,Success,StronglyAgree,,StronglyDisagree,StronglyAgree,StronglyAgree,Extremely,Most,StronglyAgree,GreatDeal,YesExtrSure,StronglyAgree
0,1,,,,,,,,,,,,,,,,,Now,ALot,Humans,Very,Humans,Success,StronglyAgree,,StronglyDisagree,StronglyAgree,SomewhatAgree,Extremely,All,SomewhatAgree,GreatDeal,YesExtrSure,StronglyAgree
1,1,,,,,,,,,,,,YesExtrSure,,,,,Now,Some,Humans,Very,Humans,Unclear,StronglyAgree,,StronglyDisagree,StronglyAgree,SomewhatAgree,Very,All,SomewhatAgree,Moderate,YesExtrSure,StronglyAgree
1,0,,Neither,Now,,Both,Somewhat,,Neither,,Moderate,,YesExtrSure,,,,,,,,,,,,,,,,,,,,,
0,1,,,,,,,,,,,,,,,,,Now,ALot,Humans,Very,Humans,Unwilling,SomewhatAgree,,SomewhatDisagree,SomewhatAgree,SomewhatAgree,MostlyNot,All,StronglyAgree,Moderate,YesExtrSure,SomewhatAgree
1,1,SomewhatAgree,Very,Years10,SomewhatAgree,Humans,Very,,StronglyDisagree,SomewhatAgree,Moderate,StronglyAgree,YesExtrSure,Humans,Some,Most,Unclear,Now,ALot,Humans,Very,Humans,Unclear,StronglyAgree,,StronglyDisagree,StronglyAgree,SomewhatAgree,Extremely,All,SomewhatDisagree,GreatDeal,YesExtrSure,StronglyAgree
0,1,,,,,,,,,,,,,,,,,Now,Some,Humans,Very,Humans,Unclear,StronglyAgree,,StronglyDisagree,StronglyAgree,SomewhatAgree,Very,Most,SomewhatDisagree,GreatDeal,YesExtrSure,StronglyAgree
0,1,,,,,,,,,,,,,,,,,Now,Some,Humans,Somewhat,Humans,Unwilling,StronglyAgree,,SomewhatDisagree,StronglyAgree,StronglyAgree,Neither,Most,Neither,Little,YesExtrSure,StronglyAgree
1,0,StronglyAgree,Very,Years26to50,StronglyAgree,Humans,Somewhat,,StronglyAgree,SomewhatAgree,Little,SomewhatAgree,YesNotSure,Humans,Some,DK,Unclear,,,,,,,,,,,,,,,,,
1,1,Neither,MostlyNot,Years11to25,Neither,Humans,NotVery,,SomewhatAgree,SomewhatAgree,Moderate,SomewhatDisagree,YesSomeSure,DK,Little,DK,Unwilling,Now,Little,Humans,Somewhat,Humans,Unwilling,StronglyAgree,,SomewhatAgree,StronglyAgree,SomewhatAgree,Neither,DK,StronglyAgree,Moderate,YesVerySure,SomewhatAgree
0,1,,,,,,,,,,,,,,,,,Now,ALot,Humans,Very,Humans,Unclear,StronglyAgree,,StronglyDisagree,StronglyAgree,SomewhatAgree,Very,All,Neither,GreatDeal,YesExtrSure,StronglyAgree
1,0,StronglyAgree,Very,Now,StronglyAgree,Humans,Somewhat,,StronglyDisagree,SomewhatAgree,GreatDeal,StronglyAgree,YesExtrSure,Humans,Some,Most,Unclear,,,,,,,,,,,,,,,,,
1,0,StronglyAgree,Extremely,Now,StronglyAgree,Humans,Very,,StronglyDisagree,SomewhatAgree,GreatDeal,StronglyAgree,YesExtrSure,Humans,ALot,Most,Unclear,,,,,,,,,,,,,,,,,
1,1,SomewhatAgree,Neither,Years10,SomewhatAgree,Both,Somewhat,,Neither,SomewhatAgree,Moderate,SomewhatAgree,YesNotSure,Both,NotAtAll,Most,Unclear,Years10,NotAtAll,Both,Somewhat,Both,Unclear,StronglyAgree,,Neither,StronglyAgree,SomewhatAgree,Neither,DK,SomewhatAgree,Moderate,YesSomeSure,StronglyAgree
0,1,,,,,,,,,,,,,,,,,After100,Some,Humans,Somewhat,Humans,Unclear,StronglyDisagree,,SomewhatAgree,StronglyDisagree,SomewhatAgree,MostlyNot,Few,Neither,Little,YesExtrSure,StronglyDisagree
1,0,,,,,,,,,,,,,,,,,,,,,,,,,,,,,,,,,
1,1,StronglyAgree,Extremely,Now,StronglyAgree,Humans,Very,,SomewhatDisagree,SomewhatAgree,Moderate,StronglyAgree,YesVerySure,Humans,Some,Some,Unclear,Now,ALot,Humans,Very,Both,Unclear,StronglyAgree,,StronglyDisagree,StronglyAgree,SomewhatAgree,Extremely,Most,Neither,Moderate,YesVerySure,StronglyAgree
1,1,StronglyAgree,Very,Years11to25,SomewhatAgree,Humans,Very,,SomewhatAgree,SomewhatAgree,Moderate,SomewhatAgree,YesVerySure,Humans,Some,Most,Unwilling,Now,Little,Humans,Very,Humans,Unwilling,StronglyAgree,,SomewhatDisagree,StronglyAgree,SomewhatAgree,Very,Most,SomewhatAgree,Moderate,YesExtrSure,StronglyAgree
0,1,,,,,,,,,,,,,,,,,Years26to50,Some,Both,Somewhat,Humans,Unwilling,SomewhatAgree,,SomewhatDisagree,StronglyAgree,SomewhatAgree,Very,Most,SomewhatDisagree,Little,YesExtrSure,StronglyAgree
1,1,Neither,Extremely,Now,SomewhatAgree,Both,Very,,SomewhatDisagree,SomewhatAgree,Moderate,SomewhatAgree,YesVerySure,Natural,ALot,Some,Unclear,Now,Some,Humans,Very,Humans,Success,StronglyAgree,,Neither,StronglyAgree,SomewhatAgree,Very,Most,SomewhatAgree,Moderate,YesExtrSure,SomewhatAgree
1,0,SomewhatAgree,Very,Years11to25,StronglyAgree,Humans,Somewhat,,StronglyDisagree,SomewhatAgree,Somewhat,StronglyAgree,YesVerySure,Humans,Little,Most,Success,,,,,,,,,,,,,,,,,
0,1,,,,,,,,,,,,,,,,,Years26to50,ALot,Humans,Very,Humans,Unclear,StronglyAgree,,StronglyDisagree,StronglyAgree,SomewhatAgree,Very,Most,SomewhatDisagree,GreatDeal,YesExtrSure,StronglyAgree
1,1,DK,Neither,Years11to25,StronglyAgree,Other,,I haven't done enough research to have a strong opinion,StronglyAgree,SomewhatAgree,Little,Neither,YesNotSure,Both,Little,DK,Unwilling,Now,Little,Humans,Somewhat,Humans,Unclear,StronglyAgree,,Neither,StronglyAgree,SomewhatAgree,Neither,Most,SomewhatAgree,Little,YesSomeSure,SomewhatAgree
0,1,,,,,,,,,,,,,,,,,Years11to25,Some,Both,Neither,Natural,CantReduce,SomewhatAgree,,Neither,SomewhatAgree,Neither,Very,Most,SomewhatAgree,Moderate,YesSomeSure,SomewhatAgree
1,0,SomewhatDisagree,MostlyNot,Never,StronglyAgree,Humans,Somewhat,,SomewhatDisagree,SomewhatAgree,NotHappening,StronglyDisagree,YesExtrSure,Humans,ALot,Few,CantReduce,,,,,,,,,,,,,,,,,
0,1,,,,,,,,,,,,,,,,,Years11to25,Some,Humans,Very,Humans,Unclear,StronglyAgree,,StronglyDisagree,StronglyAgree,SomewhatAgree,Extremely,All,StronglyAgree,GreatDeal,YesExtrSure,StronglyAgree
1,0,StronglyAgree,Extremely,Now,SomewhatAgree,Humans,Very,,StronglyDisagree,SomewhatAgree,Moderate,SomewhatAgree,YesExtrSure,DK,Little,Most,Unclear,,,,,,,,,,,,,,,,,
1,1,StronglyAgree,Very,Years26to50,StronglyAgree,Humans,Somewhat,,SomewhatDisagree,StronglyAgree,Moderate,SomewhatAgree,YesVerySure,DK,Some,Most,Unwilling,Years26to50,Little,Humans,NotAtAll,Humans,Unwilling,StronglyAgree,,SomewhatDisagree,StronglyAgree,SomewhatAgree,Very,Most,SomewhatAgree,GreatDeal,YesExtrSure,StronglyAgree
0,1,,,,,,,,,,,,,,,,,Years10,Some,Both,Somewhat,Both,Unclear,SomewhatAgree,,SomewhatDisagree,SomewhatAgree,SomewhatAgree,Extremely,Few,Neither,GreatDeal,YesExtrSure,SomewhatAgree
1,1,StronglyAgree,Very,Years26to50,StronglyAgree,Humans,Somewhat,,StronglyDisagree,StronglyAgree,Moderate,StronglyAgree,YesExtrSure,Humans,Some,,Unclear,Years26to50,ALot,Humans,Very,Humans,Unclear,StronglyAgree,,StronglyDisagree,StronglyAgree,StronglyAgree,Neither,All,StronglyDisagree,Moderate,YesExtrSure,StronglyAgree
1,1,Neither,Neither,After100,Neither,Both,Neither,,StronglyAgree,Neither,DK,Neither,YesNotSure,Both,Some,None,Unwilling,Years51to100,Some,Humans,Neither,Humans,Unwilling,Neither,,SomewhatAgree,Neither,Neither,MostlyNot,Some,Neither,Little,YesExtrSure,Neither
1,0,,Neither,Years51to100,,Both,Somewhat,,SomewhatAgree,,Moderate,,YesSomeSure,,,,,,,,,,,,,,,,,,,,,
1,1,DK,Neither,After100,DK,ExtentUnknown,Neither,,Neither,SomewhatAgree,DK,DK,DK,DK,NotAtAll,DK,DontNeed,Years10,NotAtAll,ExtentUnknown,Neither,DK,Unclear,SomewhatAgree,,Neither,SomewhatAgree,SomewhatAgree,Neither,DK,SomewhatAgree,DK,DK,SomewhatAgree
0,1,,,,,,,,,,,,,,,,,Now,Some,Humans,Very,Humans,Unclear,StronglyAgree,,StronglyDisagree,StronglyAgree,SomewhatAgree,Very,All,SomewhatAgree,Moderate,YesExtrSure,StronglyAgree
0,1,,,,,,,,,,,,,,,,,Now,ALot,Both,Very,Humans,Unclear,StronglyAgree,,StronglyDisagree,StronglyAgree,SomewhatAgree,Very,Most,Neither,DK,YesExtrSure,StronglyAgree
0,1,,,,,,,,,,,,,,,,,Years10,ALot,Humans,Neither,NoConsensus,Unclear,SomewhatAgree,,SomewhatDisagree,SomewhatAgree,SomewhatAgree,Neither,Most,SomewhatDisagree,Somewhat,YesVerySure,Neither
1,0,SomewhatAgree,Very,Years51to100,SomewhatAgree,Humans,Very,,SomewhatDisagree,SomewhatAgree,Moderate,SomewhatAgree,YesVerySure,Humans,ALot,Most,Unclear,,,,,,,,,,,,,,,,,
1,1,StronglyAgree,Neither,After100,StronglyAgree,Both,Somewhat,,Neither,SomewhatAgree,Little,StronglyAgree,YesExtrSure,Humans,Some,All,Unwilling,Years51to100,Little,Humans,Very,Humans,Unclear,StronglyAgree,,SomewhatDisagree,StronglyAgree,SomewhatAgree,Neither,Most,StronglyAgree,Moderate,YesExtrSure,StronglyAgree
1,0,SomewhatAgree,Neither,After100,SomewhatAgree,Humans,,,Neither,SomewhatAgree,Little,SomewhatAgree,NoExtrSure,Humans,Some,,Success,,,,,,,,,,,,,,,,,
1,0,,,,,,,,,,,,YesVerySure,,,,,,,,,,,,,,,,,,,,,
1,0,StronglyAgree,Neither,Years11to25,StronglyAgree,Humans,Somewhat,,SomewhatDisagree,SomewhatAgree,Little,StronglyAgree,YesExtrSure,Humans,Some,Most,Unwilling,,,,,,,,,,,,,,,,,
0,1,,,,,,,,,,,,,,,,,Now,ALot,Humans,Very,Humans,Unwilling,StronglyAgree,,StronglyAgree,StronglyAgree,StronglyAgree,Extremely,Most,StronglyAgree,GreatDeal,YesExtrSure,StronglyAgree
1,0,StronglyAgree,Very,Years11to25,StronglyAgree,Humans,Somewhat,,Neither,SomewhatDisagree,Moderate,StronglyAgree,YesExtrSure,Humans,Some,Most,Unclear,,,,,,,,,,,,,,,,,
1,0,StronglyAgree,Extremely,Now,StronglyAgree,Humans,Very,,StronglyDisagree,SomewhatAgree,Little,StronglyAgree,YesExtrSure,Humans,ALot,Most,Unwilling,,,,,,,,,,,,,,,,,
1,1,SomewhatAgree,Neither,Now,SomewhatAgree,Both,Somewhat,,SomewhatAgree,SomewhatAgree,Little,StronglyAgree,YesSomeSure,Humans,Little,Few,Unclear,Now,Little,Humans,Somewhat,Humans,Unclear,StronglyAgree,,SomewhatAgree,StronglyAgree,SomewhatDisagree,Neither,Few,SomewhatAgree,Little,YesExtrSure,StronglyAgree
1,0,,Extremely,Now,,Humans,Very,,StronglyDisagree,,GreatDeal,,YesExtrSure,,,,,,,,,,,,,,,,,,,,,
1,0,StronglyAgree,Neither,Now,StronglyAgree,Humans,Neither,,SomewhatAgree,SomewhatAgree,Little,SomewhatAgree,YesNotSure,DK,Little,DK,Unclear,,,,,,,,,,,,,,,,,
1,0,StronglyAgree,Very,Now,SomewhatAgree,Both,Somewhat,,SomewhatAgree,SomewhatAgree,Moderate,SomewhatAgree,YesExtrSure,Both,ALot,Most,Unwilling,,,,,,,,,,,,,,,,,
1,1,SomewhatAgree,Very,Now,SomewhatAgree,Humans,Very,,SomewhatDisagree,SomewhatAgree,Little,SomewhatAgree,YesSomeSure,Humans,Some,Most,Unclear,Now,Little,Humans,Very,Humans,Unclear,StronglyAgree,,StronglyDisagree,StronglyAgree,SomewhatAgree,Extremely,Most,StronglyAgree,Moderate,YesExtrSure,StronglyAgree
1,0,Neither,Very,Now,StronglyAgree,Humans,Very,,SomewhatDisagree,SomewhatAgree,Little,SomewhatAgree,YesExtrSure,Both,ALot,Most,Unclear,,,,,,,,,,,,,,,,,
1,0,StronglyAgree,Extremely,Years51to100,StronglyAgree,Humans,Somewhat,,SomewhatAgree,SomewhatAgree,Somewhat,StronglyAgree,YesExtrSure,Humans,ALot,All,Unclear,,,,,,,,,,,,,,,,,
1,0,SomewhatAgree,Neither,Years10,SomewhatAgree,Both,Somewhat,,SomewhatAgree,SomewhatAgree,Moderate,SomewhatAgree,YesVerySure,Both,NotAtAll,DK,Unwilling,,,,,,,,,,,,,,,,,
0,1,,,,,,,,,,,,,,,,,Now,Little,Humans,Very,Humans,Unwilling,StronglyAgree,,SomewhatAgree,SomewhatAgree,SomewhatAgree,Very,Most,SomewhatAgree,Moderate,YesVerySure,SomewhatAgree
1,0,StronglyAgree,Neither,Now,SomewhatAgree,Both,Somewhat,,SomewhatDisagree,SomewhatAgree,DK,Neither,YesSomeSure,Both,Little,Some,Unwilling,,,,,,,,,,,,,,,,,
1,1,DK,Neither,Years51to100,SomewhatAgree,Humans,Somewhat,,SomewhatAgree,SomewhatAgree,Little,SomewhatAgree,YesSomeSure,Humans,Little,Few,Unclear,Years26to50,Some,Humans,Somewhat,Humans,Unclear,StronglyAgree,,SomewhatAgree,StronglyAgree,SomewhatAgree,Neither,Most,SomewhatAgree,Moderate,YesVerySure,StronglyAgree
1,1,Neither,Very,Years11to25,SomewhatAgree,Humans,Somewhat,,Neither,SomewhatAgree,Moderate,SomewhatAgree,YesSomeSure,Both,Some,Most,Unwilling,Years11to25,Some,Humans,Very,Humans,Unclear,StronglyAgree,,StronglyDisagree,StronglyAgree,SomewhatAgree,Very,,SomewhatAgree,Moderate,YesExtrSure,SomewhatAgree
1,1,SomewhatAgree,Very,Years51to100,SomewhatAgree,Humans,Somewhat,,SomewhatDisagree,SomewhatAgree,Little,SomewhatAgree,YesExtrSure,Both,Some,Most,Unclear,Now,ALot,Both,Somewhat,Both,Unclear,StronglyAgree,,SomewhatDisagree,StronglyAgree,SomewhatAgree,Very,DK,StronglyAgree,Little,YesExtrSure,StronglyAgree
0,1,,,,,,,,,,,,,,,,,Now,ALot,Humans,Very,Humans,Unwilling,StronglyAgree,,SomewhatDisagree,StronglyAgree,StronglyAgree,Extremely,Most,Neither,Moderate,YesExtrSure,StronglyAgree
0,1,,,,,,,,,,,,,,,,,Now,Some,Humans,Very,Humans,Unwilling,StronglyAgree,,StronglyDisagree,StronglyAgree,SomewhatAgree,Very,Most,SomewhatAgree,Little,YesExtrSure,StronglyAgree
1,0,SomewhatAgree,Neither,Years11to25,SomewhatAgree,Humans,Somewhat,,SomewhatAgree,SomewhatAgree,Moderate,StronglyAgree,YesVerySure,Humans,Little,Some,Unwilling,,,,,,,,,,,,,,,,,
1,1,SomewhatAgree,Very,Now,SomewhatAgree,Humans,Very,,StronglyDisagree,SomewhatAgree,Moderate,SomewhatAgree,YesVerySure,DK,Some,Most,Unclear,Now,ALot,Humans,Very,Humans,Unclear,StronglyAgree,,StronglyDisagree,StronglyAgree,SomewhatAgree,Very,Most,SomewhatAgree,GreatDeal,YesExtrSure,StronglyAgree
1,1,StronglyAgree,Very,Now,SomewhatAgree,Both,Somewhat,,SomewhatDisagree,SomewhatAgree,Moderate,SomewhatAgree,YesVerySure,Humans,Some,Most,Unclear,Now,Some,Humans,Somewhat,Humans,Unclear,StronglyAgree,,SomewhatDisagree,StronglyAgree,SomewhatAgree,Very,Most,SomewhatAgree,GreatDeal,YesExtrSure,SomewhatAgree
0,1,,,,,,,,,,,,,,,,,Now,ALot,Humans,Very,Humans,Unclear,StronglyAgree,,StronglyDisagree,StronglyAgree,SomewhatAgree,Extremely,All,StronglyAgree,GreatDeal,YesExtrSure,StronglyAgree
1,0,StronglyAgree,Very,Years10,StronglyAgree,Humans,Somewhat,,SomewhatDisagree,SomewhatAgree,DK,SomewhatAgree,YesExtrSure,Humans,Some,Most,Unwilling,,,,,,,,,,,,,,,,,
1,1,SomewhatAgree,Neither,After100,SomewhatAgree,Both,Somewhat,,SomewhatAgree,SomewhatAgree,Little,SomewhatAgree,YesSomeSure,Humans,Little,Some,Unwilling,Years26to50,Little,Humans,Very,Humans,Unwilling,StronglyAgree,,Neither,StronglyAgree,SomewhatAgree,Extremely,Most,StronglyAgree,Moderate,YesExtrSure,StronglyAgree
1,1,StronglyDisagree,Neither,After100,SomewhatAgree,Both,Somewhat,,SomewhatAgree,SomewhatAgree,Little,StronglyAgree,YesSomeSure,Humans,Some,DK,Unclear,Now,Little,Humans,Very,Humans,Unclear,StronglyAgree,,SomewhatDisagree,StronglyAgree,SomewhatAgree,Very,Some,StronglyAgree,Moderate,YesExtrSure,StronglyAgree
1,0,StronglyAgree,Extremely,Now,StronglyAgree,Humans,Very,,StronglyDisagree,SomewhatAgree,Moderate,StronglyAgree,YesExtrSure,Humans,ALot,Most,Unclear,,,,,,,,,,,,,,,,,
1,0,StronglyAgree,Extremely,Years26to50,StronglyAgree,Humans,Very,,SomewhatDisagree,SomewhatAgree,GreatDeal,,YesExtrSure,Humans,ALot,Most,Unwilling,,,,,,,,,,,,,,,,,
0,1,,,,,,,,,,,,,,,,,Years26to50,Little,Humans,Somewhat,Humans,Unclear,SomewhatAgree,,Neither,StronglyAgree,SomewhatAgree,Very,Some,SomewhatAgree,Little,YesVerySure,StronglyAgree
0,1,,,,,,,,,,,,,,,,,Years26to50,Some,Humans,Somewhat,NotHappening,DontNeed,SomewhatAgree,,Neither,SomewhatAgree,SomewhatAgree,Neither,All,Neither,Moderate,YesExtrSure,SomewhatAgree
1,1,StronglyAgree,Very,After100,StronglyAgree,Humans,Somewhat,,SomewhatAgree,StronglyAgree,Moderate,StronglyAgree,YesExtrSure,Humans,Little,DK,Unclear,Years51to100,Little,Humans,Very,Humans,Unclear,StronglyAgree,,SomewhatDisagree,StronglyAgree,StronglyAgree,Very,Some,StronglyAgree,GreatDeal,YesExtrSure,StronglyAgree
0,1,,,,,,,,,,,,,,,,,Years51to100,Some,Humans,Somewhat,Humans,Unwilling,StronglyAgree,,SomewhatAgree,StronglyAgree,SomewhatAgree,MostlyNot,All,SomewhatAgree,Little,YesExtrSure,StronglyAgree
1,0,,Neither,Years26to50,Neither,Both,Neither,,StronglyAgree,SomewhatAgree,Somewhat,SomewhatAgree,YesNotSure,Humans,NotAtAll,DK,Unwilling,,,,,,,,,,,,,,,,,
1,0,StronglyAgree,Extremely,Years10,StronglyAgree,Humans,Very,,StronglyDisagree,SomewhatAgree,Little,StronglyAgree,YesExtrSure,Humans,ALot,Most,Success,,,,,,,,,,,,,,,,,
1,0,SomewhatAgree,Neither,After100,SomewhatAgree,Both,Neither,,Neither,SomewhatAgree,Little,SomewhatDisagree,YesSomeSure,Both,Little,None,Unclear,,,,,,,,,,,,,,,,,
0,1,,,,,,,,,,,,,,,,,Years51to100,Some,Humans,Very,Humans,Unclear,StronglyAgree,,SomewhatDisagree,StronglyAgree,SomewhatAgree,Very,Most,SomewhatAgree,Moderate,YesExtrSure,StronglyAgree
1,1,StronglyAgree,Extremely,Years11to25,StronglyAgree,Humans,Very,,SomewhatDisagree,SomewhatAgree,GreatDeal,StronglyAgree,YesVerySure,Humans,Some,None,Unwilling,Now,Some,Humans,Very,Humans,Unclear,StronglyAgree,,StronglyDisagree,StronglyAgree,SomewhatAgree,Very,Most,StronglyAgree,GreatDeal,YesExtrSure,StronglyAgree
1,1,SomewhatAgree,Very,Years11to25,SomewhatAgree,Humans,Somewhat,,SomewhatDisagree,SomewhatAgree,Moderate,SomewhatAgree,YesVerySure,Humans,Some,Most,Unclear,Years10,Some,Humans,Very,Humans,Unclear,StronglyAgree,,SomewhatDisagree,StronglyAgree,SomewhatAgree,Very,Most,SomewhatAgree,GreatDeal,YesVerySure,StronglyAgree
1,1,StronglyAgree,Neither,After100,StronglyAgree,Humans,Very,,StronglyDisagree,SomewhatAgree,Little,StronglyAgree,YesVerySure,Humans,ALot,Most,Unwilling,After100,Some,Humans,Very,Humans,Unwilling,StronglyAgree,,StronglyDisagree,StronglyAgree,SomewhatAgree,Very,DK,Neither,Somewhat,YesExtrSure,StronglyAgree
1,1,,Very,Years26to50,,Humans,Somewhat,,SomewhatDisagree,,Little,,YesVerySure,,,,,,,,,,,,,,,,,,,,YesExtrSure,
1,1,SomewhatAgree,Very,Years26to50,SomewhatAgree,Humans,Somewhat,,SomewhatDisagree,SomewhatAgree,Moderate,SomewhatAgree,YesExtrSure,Humans,Some,,Unclear,Now,Some,Both,Somewhat,Humans,Unwilling,StronglyAgree,,StronglyDisagree,SomewhatAgree,SomewhatAgree,Very,Most,SomewhatAgree,GreatDeal,YesExtrSure,SomewhatAgree
1,1,SomewhatAgree,Very,Years11to25,StronglyAgree,Both,Somewhat,,SomewhatDisagree,SomewhatAgree,Moderate,SomewhatAgree,YesVerySure,Humans,Some,Most,Unwilling,Years10,Some,Both,Very,Both,Unclear,StronglyAgree,,StronglyDisagree,StronglyAgree,SomewhatAgree,Very,Most,SomewhatAgree,DK,YesExtrSure,SomewhatAgree
1,1,SomewhatAgree,MostlyNot,Years10,SomewhatAgree,Natural,Somewhat,,SomewhatAgree,SomewhatAgree,Somewhat,SomewhatAgree,YesSomeSure,NotHappening,Little,Most,CantReduce,Now,Some,ExtentUnknown,Somewhat,Natural,Unwilling,Neither,,Neither,Neither,Neither,Neither,Some,SomewhatAgree,Little,YesNotSure,Neither
1,1,StronglyAgree,Very,Now,StronglyAgree,Humans,Very,,StronglyDisagree,StronglyAgree,GreatDeal,StronglyAgree,YesExtrSure,Humans,ALot,All,Success,Now,ALot,Humans,Very,Humans,Success,StronglyAgree,,StronglyAgree,StronglyAgree,SomewhatAgree,Extremely,DK,StronglyDisagree,GreatDeal,YesExtrSure,StronglyAgree
1,0,StronglyAgree,Very,Now,SomewhatAgree,Humans,Very,,Neither,SomewhatAgree,DK,SomewhatAgree,YesVerySure,Humans,Some,All,Unclear,,,,,,,,,,,,,,,,,
1,0,SomewhatAgree,Neither,Years51to100,SomewhatAgree,Humans,Somewhat,,SomewhatDisagree,SomewhatAgree,Moderate,SomewhatAgree,YesVerySure,Humans,Some,Most,Success,,,,,,,,,,,,,,,,,
1,1,StronglyAgree,Neither,Years11to25,StronglyAgree,Humans,NotVery,,Neither,SomewhatAgree,DK,SomewhatAgree,YesNotSure,DK,Some,DK,Unwilling,Years11to25,Little,Humans,Somewhat,Both,Unclear,StronglyAgree,,StronglyAgree,StronglyAgree,SomewhatAgree,Neither,DK,SomewhatDisagree,DK,YesExtrSure,StronglyAgree
1,1,StronglyAgree,Very,Now,StronglyAgree,Humans,Somewhat,,SomewhatDisagree,SomewhatAgree,GreatDeal,SomewhatAgree,YesVerySure,Humans,Some,Most,Unclear,Now,ALot,Humans,Somewhat,Humans,Unwilling,StronglyAgree,,SomewhatDisagree,StronglyAgree,SomewhatAgree,Very,All,SomewhatAgree,GreatDeal,YesExtrSure,StronglyAgree
1,1,StronglyAgree,Very,Years26to50,StronglyAgree,Humans,Very,,SomewhatDisagree,SomewhatAgree,Little,StronglyAgree,YesExtrSure,Humans,ALot,All,Unclear,Years10,ALot,Humans,Very,Humans,Unclear,StronglyAgree,,StronglyAgree,StronglyAgree,SomewhatAgree,Extremely,All,SomewhatAgree,DK,YesExtrSure,StronglyAgree
0,1,,,,,,,,,,,,,,,,,Years51to100,Some,ExtentUnknown,Somewhat,Both,Unclear,SomewhatAgree,,Neither,StronglyAgree,SomewhatAgree,Neither,DK,Neither,Little,YesExtrSure,Neither
0,1,,,,,,,,,,,,,,,,,Years10,Some,Humans,Very,Humans,Unclear,StronglyAgree,,StronglyDisagree,StronglyAgree,SomewhatAgree,Very,All,SomewhatAgree,DK,YesExtrSure,StronglyAgree
1,1,StronglyAgree,Very,Now,StronglyAgree,Humans,Very,,StronglyDisagree,SomewhatAgree,Moderate,StronglyAgree,YesExtrSure,Humans,Some,All,Unclear,Now,ALot,Humans,Very,Humans,Unclear,StronglyAgree,,StronglyDisagree,StronglyAgree,StronglyAgree,Very,All,Neither,Moderate,YesExtrSure,StronglyAgree
1,1,StronglyAgree,Very,Now,StronglyAgree,Humans,Very,,SomewhatDisagree,SomewhatAgree,Moderate,SomewhatAgree,YesVerySure,Humans,Some,Most,Unwilling,Now,Some,Humans,Very,Humans,Unwilling,StronglyAgree,,SomewhatDisagree,StronglyAgree,SomewhatAgree,Very,Most,SomewhatAgree,GreatDeal,YesExtrSure,StronglyAgree
1,0,StronglyAgree,Very,Years26to50,StronglyAgree,Humans,Very,,StronglyDisagree,SomewhatAgree,Moderate,SomewhatAgree,YesVerySure,DK,Some,Most,Unwilling,,,,,,,,,,,,,,,,,
1,1,StronglyAgree,Extremely,Years26to50,StronglyAgree,Humans,Very,,StronglyDisagree,SomewhatAgree,Moderate,StronglyAgree,YesExtrSure,Humans,ALot,Most,Unclear,,,,,,,,,,,,,,,,,
1,0,StronglyAgree,Very,Years11to25,StronglyAgree,Humans,Somewhat,,SomewhatAgree,SomewhatAgree,Moderate,,YesExtrSure,Humans,Some,None,CantReduce,,,,,,,,,,,,,,,,,
1,1,StronglyAgree,Extremely,Now,StronglyAgree,Humans,Very,,StronglyDisagree,SomewhatAgree,GreatDeal,StronglyAgree,YesExtrSure,Humans,ALot,Most,Unclear,Now,ALot,Humans,Very,Humans,Unclear,StronglyAgree,,StronglyDisagree,StronglyAgree,SomewhatAgree,Extremely,All,SomewhatDisagree,GreatDeal,YesExtrSure,StronglyAgree
1,1,StronglyAgree,Very,Years26to50,StronglyAgree,Humans,Very,,StronglyDisagree,SomewhatAgree,Moderate,StronglyAgree,YesExtrSure,Humans,Little,Most,Unclear,Now,ALot,Humans,Very,Humans,Unwilling,StronglyAgree,,StronglyDisagree,StronglyAgree,SomewhatAgree,Extremely,Most,SomewhatAgree,Moderate,YesExtrSure,StronglyAgree
1,1,StronglyAgree,Very,Now,StronglyAgree,Humans,Very,,SomewhatAgree,SomewhatAgree,Moderate,SomewhatAgree,YesExtrSure,Other,Some,Some,Unclear,Now,Some,Humans,Very,Humans,Success,StronglyAgree,,SomewhatDisagree,StronglyAgree,SomewhatAgree,Very,Some,StronglyAgree,GreatDeal,YesExtrSure,SomewhatAgree
1,1,SomewhatDisagree,MostlyNot,After100,SomewhatAgree,Humans,Somewhat,,SomewhatAgree,SomewhatDisagree,Little,SomewhatDisagree,YesExtrSure,Humans,Little,Most,Unwilling,Years10,Little,Humans,Very,Humans,Unclear,SomewhatAgree,,StronglyDisagree,StronglyAgree,SomewhatAgree,Very,Most,StronglyAgree,GreatDeal,YesExtrSure,StronglyAgree
1,0,,,,,,,,,,,,YesExtrSure,,,,,,,,,,,,,,,,,,,,,
0,1,,,,,,,,,,,,,,,,,After100,NotAtAll,Both,Very,Humans,DontNeed,SomewhatAgree,,StronglyDisagree,SomewhatAgree,SomewhatAgree,Extremely,Most,SomewhatDisagree,GreatDeal,YesExtrSure,SomewhatAgree
1,1,StronglyAgree,Extremely,Now,StronglyAgree,Humans,Very,,StronglyDisagree,StronglyAgree,Moderate,SomewhatAgree,YesExtrSure,Humans,ALot,Most,Unclear,Now,ALot,Humans,Very,Humans,Unclear,StronglyAgree,,StronglyDisagree,StronglyAgree,SomewhatAgree,Extremely,Most,SomewhatAgree,GreatDeal,YesExtrSure,StronglyAgree
1,0,StronglyAgree,MostlyNot,Years51to100,StronglyAgree,Both,Somewhat,,SomewhatAgree,SomewhatAgree,Moderate,SomewhatAgree,YesVerySure,Both,Some,Most,Unclear,,,,,,,,,,,,,,,,,
1,1,Neither,Very,Years10,Neither,Both,Somewhat,,SomewhatDisagree,Neither,Moderate,Neither,YesExtrSure,Humans,Little,Most,Unwilling,Years10,Little,Humans,Somewhat,Humans,Unwilling,SomewhatAgree,,SomewhatDisagree,SomewhatAgree,SomewhatAgree,Very,Most,StronglyAgree,Moderate,YesExtrSure,SomewhatAgree
0,1,,,,,,,,,,,,,,,,,Now,Little,Both,Somewhat,Both,Unclear,StronglyAgree,,SomewhatDisagree,DK,SomewhatAgree,Very,Most,SomewhatAgree,Moderate,YesExtrSure,SomewhatDisagree
1,0,StronglyAgree,Very,Years11to25,SomewhatAgree,Both,Somewhat,,SomewhatDisagree,SomewhatAgree,Moderate,Neither,YesVerySure,Humans,Some,Most,Unclear,,,,,,,,,,,,,,,,,
1,1,StronglyDisagree,Neither,Years26to50,StronglyDisagree,ExtentUnknown,NotVery,,SomewhatAgree,SomewhatDisagree,Moderate,DK,YesSomeSure,Both,Little,Most,Unwilling,Now,ALot,Humans,Somewhat,Humans,Unwilling,Neither,,SomewhatAgree,Neither,Neither,Very,Some,StronglyAgree,Moderate,YesExtrSure,Neither
1,0,Neither,Neither,Years26to50,SomewhatAgree,ExtentUnknown,Somewhat,,SomewhatDisagree,SomewhatAgree,Little,SomewhatAgree,YesVerySure,NoConsensus,ALot,Some,Unclear,,,,,,,,,,,,,,,,,
0,1,,,,,,,,,,,,,,,,,Years26to50,NotAtAll,Humans,Very,Both,Unclear,DK,,SomewhatDisagree,DK,DK,Neither,,SomewhatAgree,GreatDeal,YesVerySure,DK
1,0,StronglyAgree,Neither,Years10,Neither,Natural,Neither,,SomewhatAgree,SomewhatAgree,Little,SomewhatAgree,YesSomeSure,Both,Some,Most,Unclear,,,,,,,,,,,,,,,,,
1,1,StronglyAgree,Extremely,Now,StronglyAgree,Humans,Very,,SomewhatDisagree,SomewhatAgree,Moderate,StronglyAgree,YesExtrSure,Humans,Some,Some,Unwilling,Now,Little,Humans,Very,Humans,Unclear,StronglyAgree,,SomewhatDisagree,StronglyAgree,SomewhatAgree,Very,Most,Neither,Moderate,YesExtrSure,StronglyAgree
1,1,StronglyAgree,Very,Years51to100,StronglyAgree,Humans,Very,,StronglyDisagree,SomewhatAgree,Little,StronglyAgree,YesExtrSure,Humans,ALot,All,Unclear,,ALot,,,Humans,Unwilling,StronglyAgree,,,StronglyAgree,SomewhatAgree,,All,SomewhatDisagree,,,StronglyAgree
1,1,SomewhatAgree,Extremely,Years51to100,SomewhatAgree,Humans,Very,,StronglyDisagree,SomewhatAgree,DK,SomewhatAgree,YesExtrSure,Both,ALot,Most,Unclear,Now,ALot,Humans,Very,Humans,Unclear,StronglyAgree,,StronglyDisagree,StronglyAgree,SomewhatAgree,Extremely,All,Neither,GreatDeal,YesExtrSure,StronglyAgree
0,1,,,,,,,,,,,,,,,,,Years11to25,Little,Humans,Somewhat,Humans,Unwilling,StronglyAgree,,SomewhatDisagree,StronglyAgree,StronglyAgree,Very,Few,SomewhatAgree,Moderate,YesExtrSure,StronglyAgree
1,1,,NotAtAll,NotHappening,,NotHappening,NotVery,,SomewhatAgree,,NotHappening,,NoNotSure,NotHappening,NotAtAll,,NotHappening,Years26to50,NotAtAll,Humans,Somewhat,Humans,Unclear,SomewhatAgree,,Neither,SomewhatAgree,SomewhatAgree,Very,Some,SomewhatAgree,Moderate,YesSomeSure,SomewhatAgree
0,1,,,,,,,,,,,,,,,,,Now,Some,Both,Somewhat,Humans,Unclear,StronglyAgree,,SomewhatDisagree,StronglyAgree,SomewhatAgree,Very,Few,SomewhatDisagree,GreatDeal,YesExtrSure,StronglyAgree
1,0,SomewhatAgree,Very,Years10,SomewhatAgree,Humans,Somewhat,,SomewhatDisagree,SomewhatAgree,Little,SomewhatAgree,YesNotSure,Humans,Some,Few,Unwilling,,,,,,,,,,,,,,,,,
1,0,,Very,Now,,Humans,Very,,SomewhatDisagree,,GreatDeal,,YesExtrSure,,,,,,,,,,,,,,,,,,,,,
1,0,StronglyAgree,Very,Now,StronglyAgree,Humans,Somewhat,,SomewhatDisagree,StronglyAgree,GreatDeal,StronglyAgree,YesExtrSure,Humans,ALot,All,Unclear,,,,,,,,,,,,,,,,,
1,1,StronglyAgree,Neither,Years10,StronglyAgree,Humans,Somewhat,,SomewhatDisagree,SomewhatAgree,Somewhat,StronglyAgree,YesExtrSure,Humans,Little,Most,Unclear,Years11to25,Little,Humans,Very,Humans,Unclear,StronglyAgree,,SomewhatDisagree,StronglyAgree,SomewhatAgree,Very,All,SomewhatAgree,Little,YesExtrSure,StronglyAgree
1,1,SomewhatAgree,Very,Years26to50,StronglyAgree,Humans,Very,,Neither,SomewhatAgree,Moderate,SomewhatAgree,YesVerySure,Humans,Some,Most,Unclear,Years10,Little,Humans,Very,Humans,Unclear,StronglyAgree,,SomewhatDisagree,StronglyAgree,SomewhatAgree,Very,Most,StronglyAgree,Moderate,YesVerySure,StronglyAgree
1,1,StronglyAgree,Extremely,Now,StronglyAgree,Humans,Very,,Neither,SomewhatAgree,GreatDeal,StronglyAgree,YesExtrSure,Humans,ALot,Some,Unwilling,Now,ALot,Humans,Very,Humans,Unwilling,StronglyAgree,,StronglyDisagree,StronglyAgree,SomewhatAgree,Extremely,Most,StronglyDisagree,Moderate,YesExtrSure,StronglyAgree
1,1,Neither,Neither,Years11to25,SomewhatAgree,ExtentUnknown,Somewhat,,Neither,SomewhatAgree,Moderate,Neither,YesSomeSure,DK,Little,Some,Unclear,Years10,Little,Humans,Somewhat,Humans,Unclear,StronglyAgree,,SomewhatDisagree,StronglyAgree,SomewhatAgree,Very,Most,Neither,Moderate,YesExtrSure,StronglyAgree
1,1,StronglyAgree,Very,Now,StronglyAgree,Humans,Very,,StronglyDisagree,SomewhatAgree,GreatDeal,StronglyAgree,YesExtrSure,Humans,Some,Most,Unwilling,Now,Some,Humans,Very,Humans,Unclear,StronglyAgree,,StronglyDisagree,StronglyAgree,SomewhatAgree,Extremely,All,SomewhatAgree,Moderate,YesExtrSure,StronglyAgree
1,1,SomewhatAgree,Neither,Now,SomewhatAgree,Humans,Somewhat,,SomewhatDisagree,SomewhatAgree,Little,SomewhatAgree,YesExtrSure,Humans,Some,All,Unclear,Now,Some,Humans,Somewhat,Humans,Unclear,StronglyAgree,,SomewhatDisagree,StronglyAgree,SomewhatAgree,Neither,All,Neither,DK,YesExtrSure,StronglyAgree
1,1,DK,Neither,NotHappening,SomewhatAgree,NotHappening,,,SomewhatAgree,SomewhatAgree,NotHappening,SomewhatDisagree,NoSomeSure,NotHappening,NotAtAll,,NotHappening,Years51to100,,Humans,,Humans,Unclear,StronglyAgree,,Neither,StronglyAgree,SomewhatAgree,NotAtAll,,StronglyAgree,Moderate,YesExtrSure,StronglyAgree
1,0,StronglyAgree,Extremely,Now,StronglyAgree,Humans,Very,,SomewhatAgree,SomewhatAgree,GreatDeal,SomewhatAgree,YesExtrSure,Humans,ALot,Most,Unclear,,,,,,,,,,,,,,,,,
0,1,,,,,,,,,,,,,,,,,Now,Little,Humans,Very,Humans,Unwilling,StronglyAgree,,SomewhatDisagree,StronglyAgree,SomewhatAgree,Very,Most,StronglyAgree,Moderate,YesExtrSure,StronglyAgree
1,1,SomewhatAgree,Very,Years26to50,SomewhatAgree,Humans,Somewhat,,SomewhatDisagree,SomewhatAgree,Moderate,StronglyAgree,YesVerySure,Humans,Some,Most,Unwilling,Years11to25,ALot,Humans,Somewhat,Humans,Unwilling,StronglyAgree,,StronglyDisagree,StronglyAgree,SomewhatAgree,MostlyNot,All,Neither,Moderate,YesExtrSure,StronglyAgree
1,0,StronglyAgree,Very,Now,SomewhatAgree,Humans,Somewhat,,Neither,SomewhatAgree,Moderate,SomewhatAgree,YesVerySure,DK,Little,All,Unclear,,,,,,,,,,,,,,,,,
1,1,SomewhatAgree,NotAtAll,Now,StronglyAgree,Other,Somewhat,I don't think its equal. I think humans are more to blame,StronglyDisagree,SomewhatAgree,Little,StronglyAgree,YesExtrSure,Both,Little,DK,Unwilling,Now,Little,Humans,Very,Humans,Unwilling,StronglyAgree,,StronglyDisagree,StronglyAgree,SomewhatAgree,Neither,DK,StronglyAgree,Moderate,YesExtrSure,StronglyAgree
1,0,StronglyAgree,Extremely,Years10,SomewhatAgree,Humans,Very,,StronglyDisagree,SomewhatAgree,GreatDeal,SomewhatAgree,YesExtrSure,DK,ALot,Most,Unclear,,,,,,,,,,,,,,,,,
1,0,StronglyAgree,Very,After100,SomewhatAgree,Natural,Somewhat,,Neither,SomewhatAgree,Little,SomewhatAgree,NoSomeSure,Humans,Some,None,CantReduce,,,,,,,,,,,,,,,,,
1,0,StronglyAgree,Very,Years51to100,SomewhatAgree,Humans,Somewhat,,StronglyDisagree,SomewhatAgree,Little,StronglyAgree,YesExtrSure,Humans,Some,Most,Unclear,,,,,,,,,,,,,,,,,
0,1,,,,,,,,,,,,,,,,,Years11to25,Some,Humans,Somewhat,Humans,Unclear,StronglyAgree,,StronglyDisagree,StronglyAgree,SomewhatAgree,Neither,All,SomewhatDisagree,Little,YesExtrSure,StronglyAgree
1,0,StronglyAgree,Very,Years26to50,StronglyAgree,Humans,Very,,SomewhatDisagree,SomewhatAgree,Little,SomewhatAgree,YesSomeSure,Humans,ALot,All,Unclear,,,,,,,,,,,,,,,,,
1,0,StronglyAgree,Extremely,Now,StronglyAgree,Humans,Very,,StronglyDisagree,SomewhatAgree,GreatDeal,StronglyAgree,YesExtrSure,Humans,ALot,Most,Unwilling,,,,,,,,,,,,,,,,,
1,1,StronglyAgree,Extremely,Now,SomewhatAgree,Humans,Very,,StronglyDisagree,SomewhatAgree,Moderate,SomewhatAgree,YesExtrSure,Both,ALot,All,Unclear,Now,Some,Both,Very,Both,Unwilling,SomewhatAgree,,Neither,StronglyAgree,SomewhatAgree,Extremely,All,StronglyAgree,GreatDeal,YesExtrSure,StronglyAgree
1,1,SomewhatDisagree,Neither,Years26to50,StronglyDisagree,Both,Somewhat,,SomewhatDisagree,SomewhatDisagree,DK,StronglyDisagree,YesVerySure,Humans,Little,DK,Unclear,Years26to50,Some,Humans,Very,DK,Unwilling,StronglyAgree,,SomewhatAgree,SomewhatAgree,SomewhatAgree,Neither,DK,SomewhatAgree,Little,YesExtrSure,SomewhatAgree
1,1,StronglyAgree,Neither,Now,StronglyAgree,Humans,Somewhat,,SomewhatAgree,SomewhatAgree,DK,StronglyAgree,YesExtrSure,Humans,Little,Most,Unclear,Years11to25,Some,Humans,Very,DK,Unwilling,StronglyAgree,,StronglyDisagree,StronglyAgree,SomewhatAgree,Very,Most,Neither,GreatDeal,YesExtrSure,StronglyAgree
1,1,SomewhatAgree,Neither,After100,StronglyAgree,Humans,Somewhat,,SomewhatAgree,SomewhatAgree,Moderate,SomewhatAgree,YesVerySure,Humans,Little,Most,Unclear,Years51to100,Little,Humans,Very,Humans,Unclear,StronglyAgree,,SomewhatDisagree,StronglyAgree,SomewhatAgree,Very,Most,StronglyAgree,Somewhat,YesExtrSure,StronglyAgree
1,0,SomewhatAgree,MostlyNot,Years51to100,SomewhatAgree,CausesUnknown,Somewhat,,Neither,SomewhatAgree,Little,Neither,YesSomeSure,DK,Little,Few,Unwilling,,,,,,,,,,,,,,,,,
0,1,,,,,,,,,,,,,,,,,,,Humans,Very,,,,,,,,,,,GreatDeal,YesExtrSure,
0,1,,,,,,,,,,,,,,,,,After100,Little,Both,NotVery,Humans,Unwilling,SomewhatAgree,,Neither,SomewhatAgree,SomewhatAgree,Neither,DK,Neither,Little,YesSomeSure,SomewhatAgree
0,1,,,,,,,,,,,,,,,,,Years10,Little,Humans,Neither,Humans,DontNeed,SomewhatAgree,,Neither,SomewhatAgree,SomewhatAgree,Neither,,Neither,GreatDeal,YesExtrSure,SomewhatAgree
1,0,StronglyAgree,Extremely,Now,StronglyAgree,Humans,Very,,SomewhatDisagree,SomewhatAgree,Moderate,StronglyAgree,YesExtrSure,Humans,ALot,Most,Unclear,,,,,,,,,,,,,,,,,
1,1,,Neither,Years26to50,,Humans,Very,,SomewhatDisagree,,Little,,YesVerySure,,,,,Years26to50,Little,Humans,Very,Humans,Unwilling,StronglyAgree,,StronglyDisagree,StronglyAgree,SomewhatAgree,Very,Most,SomewhatAgree,Moderate,YesVerySure,StronglyAgree
1,1,StronglyAgree,Very,Years10,StronglyAgree,Humans,Very,,StronglyDisagree,SomewhatAgree,Moderate,StronglyAgree,YesExtrSure,Humans,Some,Most,Unclear,Years10,Some,Humans,Very,Humans,Unclear,StronglyAgree,,StronglyDisagree,StronglyAgree,SomewhatAgree,Very,,SomewhatAgree,GreatDeal,YesExtrSure,StronglyAgree
1,1,SomewhatAgree,Neither,Years10,SomewhatAgree,Natural,Neither,,SomewhatDisagree,SomewhatAgree,Little,Neither,YesVerySure,Both,Some,Some,Unwilling,Now,Little,Humans,Somewhat,Humans,Unclear,StronglyAgree,,StronglyDisagree,StronglyAgree,SomewhatAgree,Very,Some,StronglyAgree,Moderate,YesExtrSure,StronglyAgree
1,0,StronglyAgree,Very,Years51to100,StronglyAgree,Natural,Somewhat,,SomewhatDisagree,SomewhatAgree,Moderate,StronglyAgree,YesVerySure,Humans,Some,All,Unclear,,,,,,,,,,,,,,,,,
1,0,StronglyAgree,Neither,Years11to25,SomewhatAgree,Humans,Somewhat,,SomewhatAgree,SomewhatAgree,Moderate,SomewhatAgree,YesExtrSure,Both,Some,Most,Unclear,,,,,,,,,,,,,,,,,
1,1,StronglyAgree,Extremely,Now,StronglyAgree,Humans,Very,,StronglyDisagree,SomewhatAgree,Moderate,SomewhatAgree,YesExtrSure,Humans,ALot,All,Unwilling,,,,,,,,,,,,,,StronglyDisagree,,YesExtrSure,
0,1,,,,,,,,,,,,,,,,,Now,Little,Humans,Somewhat,Humans,Unclear,StronglyAgree,,SomewhatAgree,StronglyAgree,SomewhatAgree,Very,Most,SomewhatAgree,Moderate,YesExtrSure,SomewhatAgree
1,0,StronglyAgree,Extremely,Now,StronglyAgree,Humans,Very,,StronglyDisagree,SomewhatAgree,Somewhat,StronglyAgree,YesExtrSure,Humans,ALot,Most,Unclear,,,,,,,,,,,,,,,,,
1,0,SomewhatDisagree,Very,Years26to50,SomewhatAgree,Humans,Somewhat,,Neither,Neither,GreatDeal,SomewhatAgree,YesVerySure,DK,Some,Most,Unclear,,,,,,,,,,,,,,,,,
0,1,,,,,,,,,,,,,,,,,Now,Some,Humans,Very,Humans,Unclear,StronglyAgree,,SomewhatDisagree,StronglyAgree,SomewhatAgree,Extremely,Most,SomewhatDisagree,GreatDeal,YesExtrSure,StronglyAgree
1,1,Neither,Neither,Years11to25,SomewhatAgree,Both,Somewhat,,SomewhatAgree,SomewhatAgree,Somewhat,SomewhatAgree,YesNotSure,Both,Little,Most,Unwilling,Now,Little,Humans,Very,Humans,Unclear,StronglyAgree,,SomewhatDisagree,StronglyAgree,SomewhatAgree,Very,Most,SomewhatAgree,Little,YesExtrSure,StronglyAgree
1,1,SomewhatAgree,Neither,Years26to50,StronglyAgree,Humans,NotVery,,Neither,SomewhatAgree,Somewhat,StronglyAgree,YesExtrSure,Humans,Little,DK,Unwilling,Years11to25,Little,Humans,Somewhat,Humans,Unclear,StronglyAgree,,StronglyDisagree,StronglyAgree,SomewhatAgree,Neither,Some,StronglyAgree,Somewhat,YesExtrSure,StronglyAgree